Index Title,Leviticus
Version Title,Tanach with Text Only
Language,he
Version Source,http://www.tanach.us/Tanach.xml
Version Notes,
Leviticus 1:1,ויקרא אל משה וידבר יהוה אליו מאהל מועד לאמר
Leviticus 1:2,דבר אל בני ישראל ואמרת אלהם אדם כי יקריב מכם קרבן ליהוה מן הבהמה מן הבקר ומן הצאן תקריבו את קרבנכם
Leviticus 1:3,אם עלה קרבנו מן הבקר זכר תמים יקריבנו אל פתח אהל מועד יקריב אתו לרצנו לפני יהוה
Leviticus 1:4,וסמך ידו על ראש העלה ונרצה לו לכפר עליו
Leviticus 1:5,ושחט את בן הבקר לפני יהוה והקריבו בני אהרן הכהנים את הדם וזרקו את הדם על המזבח סביב אשר פתח אהל מועד
Leviticus 1:6,והפשיט את העלה ונתח אתה לנתחיה
Leviticus 1:7,ונתנו בני אהרן הכהן אש על המזבח וערכו עצים על האש
Leviticus 1:8,וערכו בני אהרן הכהנים את הנתחים את הראש ואת הפדר על העצים אשר על האש אשר על המזבח
Leviticus 1:9,וקרבו וכרעיו ירחץ במים והקטיר הכהן את הכל המזבחה עלה אשה ריח ניחוח ליהוה
Leviticus 1:10,ואם מן הצאן קרבנו מן הכשבים או מן העזים לעלה זכר תמים יקריבנו
Leviticus 1:11,ושחט אתו על ירך המזבח צפנה לפני יהוה וזרקו בני אהרן הכהנים את דמו על המזבח סביב
Leviticus 1:12,ונתח אתו לנתחיו ואת ראשו ואת פדרו וערך הכהן אתם על העצים אשר על האש אשר על המזבח
Leviticus 1:13,והקרב והכרעים ירחץ במים והקריב הכהן את הכל והקטיר המזבחה עלה הוא אשה ריח ניחח ליהוה
Leviticus 1:14,ואם מן העוף עלה קרבנו ליהוה והקריב מן התרים או מן בני היונה את קרבנו
Leviticus 1:15,והקריבו הכהן אל המזבח ומלק את ראשו והקטיר המזבחה ונמצה דמו על קיר המזבח
Leviticus 1:16,והסיר את מראתו בנצתה והשליך אתה אצל המזבח קדמה אל מקום הדשן
Leviticus 1:17,ושסע אתו בכנפיו לא יבדיל והקטיר אתו הכהן המזבחה על העצים אשר על האש עלה הוא אשה ריח ניחח ליהוה
Leviticus 2:1,ונפש כי תקריב קרבן מנחה ליהוה סלת יהיה קרבנו ויצק עליה שמן ונתן עליה לבנה
Leviticus 2:2,והביאה אל בני אהרן הכהנים וקמץ משם מלא קמצו מסלתה ומשמנה על כל לבנתה והקטיר הכהן את אזכרתה המזבחה אשה ריח ניחח ליהוה
Leviticus 2:3,והנותרת מן המנחה לאהרן ולבניו קדש קדשים מאשי יהוה
Leviticus 2:4,וכי תקרב קרבן מנחה מאפה תנור סלת חלות מצת בלולת בשמן ורקיקי מצות משחים בשמן
Leviticus 2:5,ואם מנחה על המחבת קרבנך סלת בלולה בשמן מצה תהיה
Leviticus 2:6,פתות אתה פתים ויצקת עליה שמן מנחה הוא
Leviticus 2:7,ואם מנחת מרחשת קרבנך סלת בשמן תעשה
Leviticus 2:8,והבאת את המנחה אשר יעשה מאלה ליהוה והקריבה אל הכהן והגישה אל המזבח
Leviticus 2:9,והרים הכהן מן המנחה את אזכרתה והקטיר המזבחה אשה ריח ניחח ליהוה
Leviticus 2:10,והנותרת מן המנחה לאהרן ולבניו קדש קדשים מאשי יהוה
Leviticus 2:11,כל המנחה אשר תקריבו ליהוה לא תעשה חמץ כי כל שאר וכל דבש לא תקטירו ממנו אשה ליהוה
Leviticus 2:12,קרבן ראשית תקריבו אתם ליהוה ואל המזבח לא יעלו לריח ניחח
Leviticus 2:13,וכל קרבן מנחתך במלח תמלח ולא תשבית מלח ברית אלהיך מעל מנחתך על כל קרבנך תקריב מלח
Leviticus 2:14,ואם תקריב מנחת בכורים ליהוה אביב קלוי באש גרש כרמל תקריב את מנחת בכוריך
Leviticus 2:15,ונתת עליה שמן ושמת עליה לבנה מנחה הוא
Leviticus 2:16,והקטיר הכהן את אזכרתה מגרשה ומשמנה על כל לבנתה אשה ליהוה
Leviticus 3:1,ואם זבח שלמים קרבנו אם מן הבקר הוא מקריב אם זכר אם נקבה תמים יקריבנו לפני יהוה
Leviticus 3:2,וסמך ידו על ראש קרבנו ושחטו פתח אהל מועד וזרקו בני אהרן הכהנים את הדם על המזבח סביב
Leviticus 3:3,והקריב מזבח השלמים אשה ליהוה את החלב המכסה את הקרב ואת כל החלב אשר על הקרב
Leviticus 3:4,ואת שתי הכלית ואת החלב אשר עלהן אשר על הכסלים ואת היתרת על הכבד על הכליות יסירנה
Leviticus 3:5,והקטירו אתו בני אהרן המזבחה על העלה אשר על העצים אשר על האש אשה ריח ניחח ליהוה
Leviticus 3:6,ואם מן הצאן קרבנו לזבח שלמים ליהוה זכר או נקבה תמים יקריבנו
Leviticus 3:7,אם כשב הוא מקריב את קרבנו והקריב אתו לפני יהוה
Leviticus 3:8,וסמך את ידו על ראש קרבנו ושחט אתו לפני אהל מועד וזרקו בני אהרן את דמו על המזבח סביב
Leviticus 3:9,והקריב מזבח השלמים אשה ליהוה חלבו האליה תמימה לעמת העצה יסירנה ואת החלב המכסה את הקרב ואת כל החלב אשר על הקרב
Leviticus 3:10,ואת שתי הכלית ואת החלב אשר עלהן אשר על הכסלים ואת היתרת על הכבד על הכלית יסירנה
Leviticus 3:11,והקטירו הכהן המזבחה לחם אשה ליהוה
Leviticus 3:12,ואם עז קרבנו והקריבו לפני יהוה
Leviticus 3:13,וסמך את ידו על ראשו ושחט אתו לפני אהל מועד וזרקו בני אהרן את דמו על המזבח סביב
Leviticus 3:14,והקריב ממנו קרבנו אשה ליהוה את החלב המכסה את הקרב ואת כל החלב אשר על הקרב
Leviticus 3:15,ואת שתי הכלית ואת החלב אשר עלהן אשר על הכסלים ואת היתרת על הכבד על הכלית יסירנה
Leviticus 3:16,והקטירם הכהן המזבחה לחם אשה לריח ניחח כל חלב ליהוה
Leviticus 3:17,חקת עולם לדרתיכם בכל מושבתיכם כל חלב וכל דם לא תאכלו
Leviticus 4:1,וידבר יהוה אל משה לאמר
Leviticus 4:2,דבר אל בני ישראל לאמר נפש כי תחטא בשגגה מכל מצות יהוה אשר לא תעשינה ועשה מאחת מהנה
Leviticus 4:3,אם הכהן המשיח יחטא לאשמת העם והקריב על חטאתו אשר חטא פר בן בקר תמים ליהוה לחטאת
Leviticus 4:4,והביא את הפר אל פתח אהל מועד לפני יהוה וסמך את ידו על ראש הפר ושחט את הפר לפני יהוה
Leviticus 4:5,ולקח הכהן המשיח מדם הפר והביא אתו אל אהל מועד
Leviticus 4:6,וטבל הכהן את אצבעו בדם והזה מן הדם שבע פעמים לפני יהוה את פני פרכת הקדש
Leviticus 4:7,ונתן הכהן מן הדם על קרנות מזבח קטרת הסמים לפני יהוה אשר באהל מועד ואת כל דם הפר ישפך אל יסוד מזבח העלה אשר פתח אהל מועד
Leviticus 4:8,ואת כל חלב פר החטאת ירים ממנו את החלב המכסה על הקרב ואת כל החלב אשר על הקרב
Leviticus 4:9,ואת שתי הכלית ואת החלב אשר עליהן אשר על הכסלים ואת היתרת על הכבד על הכליות יסירנה
Leviticus 4:10,כאשר יורם משור זבח השלמים והקטירם הכהן על מזבח העלה
Leviticus 4:11,ואת עור הפר ואת כל בשרו על ראשו ועל כרעיו וקרבו ופרשו
Leviticus 4:12,והוציא את כל הפר אל מחוץ למחנה אל מקום טהור אל שפך הדשן ושרף אתו על עצים באש על שפך הדשן ישרף
Leviticus 4:13,ואם כל עדת ישראל ישגו ונעלם דבר מעיני הקהל ועשו אחת מכל מצות יהוה אשר לא תעשינה ואשמו
Leviticus 4:14,ונודעה החטאת אשר חטאו עליה והקריבו הקהל פר בן בקר לחטאת והביאו אתו לפני אהל מועד
Leviticus 4:15,וסמכו זקני העדה את ידיהם על ראש הפר לפני יהוה ושחט את הפר לפני יהוה
Leviticus 4:16,והביא הכהן המשיח מדם הפר אל אהל מועד
Leviticus 4:17,וטבל הכהן אצבעו מן הדם והזה שבע פעמים לפני יהוה את פני הפרכת
Leviticus 4:18,ומן הדם יתן על קרנת המזבח אשר לפני יהוה אשר באהל מועד ואת כל הדם ישפך אל יסוד מזבח העלה אשר פתח אהל מועד
Leviticus 4:19,ואת כל חלבו ירים ממנו והקטיר המזבחה
Leviticus 4:20,ועשה לפר כאשר עשה לפר החטאת כן יעשה לו וכפר עלהם הכהן ונסלח להם
Leviticus 4:21,והוציא את הפר אל מחוץ למחנה ושרף אתו כאשר שרף את הפר הראשון חטאת הקהל הוא
Leviticus 4:22,אשר נשיא יחטא ועשה אחת מכל מצות יהוה אלהיו אשר לא תעשינה בשגגה ואשם
Leviticus 4:23,או הודע אליו חטאתו אשר חטא בה והביא את קרבנו שעיר עזים זכר תמים
Leviticus 4:24,וסמך ידו על ראש השעיר ושחט אתו במקום אשר ישחט את העלה לפני יהוה חטאת הוא
Leviticus 4:25,ולקח הכהן מדם החטאת באצבעו ונתן על קרנת מזבח העלה ואת דמו ישפך אל יסוד מזבח העלה
Leviticus 4:26,ואת כל חלבו יקטיר המזבחה כחלב זבח השלמים וכפר עליו הכהן מחטאתו ונסלח לו
Leviticus 4:27,ואם נפש אחת תחטא בשגגה מעם הארץ בעשתה אחת ממצות יהוה אשר לא תעשינה ואשם
Leviticus 4:28,או הודע אליו חטאתו אשר חטא והביא קרבנו שעירת עזים תמימה נקבה על חטאתו אשר חטא
Leviticus 4:29,וסמך את ידו על ראש החטאת ושחט את החטאת במקום העלה
Leviticus 4:30,ולקח הכהן מדמה באצבעו ונתן על קרנת מזבח העלה ואת כל דמה ישפך אל יסוד המזבח
Leviticus 4:31,ואת כל חלבה יסיר כאשר הוסר חלב מעל זבח השלמים והקטיר הכהן המזבחה לריח ניחח ליהוה וכפר עליו הכהן ונסלח לו
Leviticus 4:32,ואם כבש יביא קרבנו לחטאת נקבה תמימה יביאנה
Leviticus 4:33,וסמך את ידו על ראש החטאת ושחט אתה לחטאת במקום אשר ישחט את העלה
Leviticus 4:34,ולקח הכהן מדם החטאת באצבעו ונתן על קרנת מזבח העלה ואת כל דמה ישפך אל יסוד המזבח
Leviticus 4:35,ואת כל חלבה יסיר כאשר יוסר חלב הכשב מזבח השלמים והקטיר הכהן אתם המזבחה על אשי יהוה וכפר עליו הכהן על חטאתו אשר חטא ונסלח לו
Leviticus 5:1,ונפש כי תחטא ושמעה קול אלה והוא עד או ראה או ידע אם לוא יגיד ונשא עונו
Leviticus 5:2,או נפש אשר תגע בכל דבר טמא או בנבלת חיה טמאה או בנבלת בהמה טמאה או בנבלת שרץ טמא ונעלם ממנו והוא טמא ואשם
Leviticus 5:3,או כי יגע בטמאת אדם לכל טמאתו אשר יטמא בה ונעלם ממנו והוא ידע ואשם
Leviticus 5:4,או נפש כי תשבע לבטא בשפתים להרע או להיטיב לכל אשר יבטא האדם בשבעה ונעלם ממנו והוא ידע ואשם לאחת מאלה
Leviticus 5:5,והיה כי יאשם לאחת מאלה והתודה אשר חטא עליה
Leviticus 5:6,והביא את אשמו ליהוה על חטאתו אשר חטא נקבה מן הצאן כשבה או שעירת עזים לחטאת וכפר עליו הכהן מחטאתו
Leviticus 5:7,ואם לא תגיע ידו די שה והביא את אשמו אשר חטא שתי תרים או שני בני יונה ליהוה אחד לחטאת ואחד לעלה
Leviticus 5:8,והביא אתם אל הכהן והקריב את אשר לחטאת ראשונה ומלק את ראשו ממול ערפו ולא יבדיל
Leviticus 5:9,והזה מדם החטאת על קיר המזבח והנשאר בדם ימצה אל יסוד המזבח חטאת הוא
Leviticus 5:10,ואת השני יעשה עלה כמשפט וכפר עליו הכהן מחטאתו אשר חטא ונסלח לו
Leviticus 5:11,ואם לא תשיג ידו לשתי תרים או לשני בני יונה והביא את קרבנו אשר חטא עשירת האפה סלת לחטאת לא ישים עליה שמן ולא יתן עליה לבנה כי חטאת היא
Leviticus 5:12,והביאה אל הכהן וקמץ הכהן ממנה מלוא קמצו את אזכרתה והקטיר המזבחה על אשי יהוה חטאת הוא
Leviticus 5:13,וכפר עליו הכהן על חטאתו אשר חטא מאחת מאלה ונסלח לו והיתה לכהן כמנחה
Leviticus 5:14,וידבר יהוה אל משה לאמר
Leviticus 5:15,נפש כי תמעל מעל וחטאה בשגגה מקדשי יהוה והביא את אשמו ליהוה איל תמים מן הצאן בערכך כסף שקלים בשקל הקדש לאשם
Leviticus 5:16,ואת אשר חטא מן הקדש ישלם ואת חמישתו יוסף עליו ונתן אתו לכהן והכהן יכפר עליו באיל האשם ונסלח לו
Leviticus 5:17,ואם נפש כי תחטא ועשתה אחת מכל מצות יהוה אשר לא תעשינה ולא ידע ואשם ונשא עונו
Leviticus 5:18,והביא איל תמים מן הצאן בערכך לאשם אל הכהן וכפר עליו הכהן על שגגתו אשר שגג והוא לא ידע ונסלח לו
Leviticus 5:19,אשם הוא אשם אשם ליהוה
Leviticus 5:20,וידבר יהוה אל משה לאמר
Leviticus 5:21,נפש כי תחטא ומעלה מעל ביהוה וכחש בעמיתו בפקדון או בתשומת יד או בגזל או עשק את עמיתו
Leviticus 5:22,או מצא אבדה וכחש בה ונשבע על שקר על אחת מכל אשר יעשה האדם לחטא בהנה
Leviticus 5:23,והיה כי יחטא ואשם והשיב את הגזלה אשר גזל או את העשק אשר עשק או את הפקדון אשר הפקד אתו או את האבדה אשר מצא
Leviticus 5:24,או מכל אשר ישבע עליו לשקר ושלם אתו בראשו וחמשתיו יסף עליו לאשר הוא לו יתננו ביום אשמתו
Leviticus 5:25,ואת אשמו יביא ליהוה איל תמים מן הצאן בערכך לאשם אל הכהן
Leviticus 5:26,וכפר עליו הכהן לפני יהוה ונסלח לו על אחת מכל אשר יעשה לאשמה בה
Leviticus 6:1,וידבר יהוה אל משה לאמר
Leviticus 6:2,צו את אהרן ואת בניו לאמר זאת תורת העלה הוא העלה על מוקדה על המזבח כל הלילה עד הבקר ואש המזבח תוקד בו
Leviticus 6:3,ולבש הכהן מדו בד ומכנסי בד ילבש על בשרו והרים את הדשן אשר תאכל האש את העלה על המזבח ושמו אצל המזבח
Leviticus 6:4,ופשט את בגדיו ולבש בגדים אחרים והוציא את הדשן אל מחוץ למחנה אל מקום טהור
Leviticus 6:5,והאש על המזבח תוקד בו לא תכבה ובער עליה הכהן עצים בבקר בבקר וערך עליה העלה והקטיר עליה חלבי השלמים
Leviticus 6:6,אש תמיד תוקד על המזבח לא תכבה
Leviticus 6:7,וזאת תורת המנחה הקרב אתה בני אהרן לפני יהוה אל פני המזבח
Leviticus 6:8,והרים ממנו בקמצו מסלת המנחה ומשמנה ואת כל הלבנה אשר על המנחה והקטיר המזבח ריח ניחח אזכרתה ליהוה
Leviticus 6:9,והנותרת ממנה יאכלו אהרן ובניו מצות תאכל במקום קדש בחצר אהל מועד יאכלוה
Leviticus 6:10,לא תאפה חמץ חלקם נתתי אתה מאשי קדש קדשים הוא כחטאת וכאשם
Leviticus 6:11,כל זכר בבני אהרן יאכלנה חק עולם לדרתיכם מאשי יהוה כל אשר יגע בהם יקדש
Leviticus 6:12,וידבר יהוה אל משה לאמר
Leviticus 6:13,זה קרבן אהרן ובניו אשר יקריבו ליהוה ביום המשח אתו עשירת האפה סלת מנחה תמיד מחציתה בבקר ומחציתה בערב
Leviticus 6:14,על מחבת בשמן תעשה מרבכת תביאנה תפיני מנחת פתים תקריב ריח ניחח ליהוה
Leviticus 6:15,והכהן המשיח תחתיו מבניו יעשה אתה חק עולם ליהוה כליל תקטר
Leviticus 6:16,וכל מנחת כהן כליל תהיה לא תאכל
Leviticus 6:17,וידבר יהוה אל משה לאמר
Leviticus 6:18,דבר אל אהרן ואל בניו לאמר זאת תורת החטאת במקום אשר תשחט העלה תשחט החטאת לפני יהוה קדש קדשים הוא
Leviticus 6:19,הכהן המחטא אתה יאכלנה במקום קדש תאכל בחצר אהל מועד
Leviticus 6:20,כל אשר יגע בבשרה יקדש ואשר יזה מדמה על הבגד אשר יזה עליה תכבס במקום קדש
Leviticus 6:21,וכלי חרש אשר תבשל בו ישבר ואם בכלי נחשת בשלה ומרק ושטף במים
Leviticus 6:22,כל זכר בכהנים יאכל אתה קדש קדשים הוא
Leviticus 6:23,וכל חטאת אשר יובא מדמה אל אהל מועד לכפר בקדש לא תאכל באש תשרף
Leviticus 7:1,וזאת תורת האשם קדש קדשים הוא
Leviticus 7:2,במקום אשר ישחטו את העלה ישחטו את האשם ואת דמו יזרק על המזבח סביב
Leviticus 7:3,ואת כל חלבו יקריב ממנו את האליה ואת החלב המכסה את הקרב
Leviticus 7:4,ואת שתי הכלית ואת החלב אשר עליהן אשר על הכסלים ואת היתרת על הכבד על הכלית יסירנה
Leviticus 7:5,והקטיר אתם הכהן המזבחה אשה ליהוה אשם הוא
Leviticus 7:6,כל זכר בכהנים יאכלנו במקום קדוש יאכל קדש קדשים הוא
Leviticus 7:7,כחטאת כאשם תורה אחת להם הכהן אשר יכפר בו לו יהיה
Leviticus 7:8,והכהן המקריב את עלת איש עור העלה אשר הקריב לכהן לו יהיה
Leviticus 7:9,וכל מנחה אשר תאפה בתנור וכל נעשה במרחשת ועל מחבת לכהן המקריב אתה לו תהיה
Leviticus 7:10,וכל מנחה בלולה בשמן וחרבה לכל בני אהרן תהיה איש כאחיו
Leviticus 7:11,וזאת תורת זבח השלמים אשר יקריב ליהוה
Leviticus 7:12,אם על תודה יקריבנו והקריב על זבח התודה חלות מצות בלולת בשמן ורקיקי מצות משחים בשמן וסלת מרבכת חלת בלולת בשמן
Leviticus 7:13,על חלת לחם חמץ יקריב קרבנו על זבח תודת שלמיו
Leviticus 7:14,והקריב ממנו אחד מכל קרבן תרומה ליהוה לכהן הזרק את דם השלמים לו יהיה
Leviticus 7:15,ובשר זבח תודת שלמיו ביום קרבנו יאכל לא יניח ממנו עד בקר
Leviticus 7:16,ואם נדר או נדבה זבח קרבנו ביום הקריבו את זבחו יאכל וממחרת והנותר ממנו יאכל
Leviticus 7:17,והנותר מבשר הזבח ביום השלישי באש ישרף
Leviticus 7:18,ואם האכל יאכל מבשר זבח שלמיו ביום השלישי לא ירצה המקריב אתו לא יחשב לו פגול יהיה והנפש האכלת ממנו עונה תשא
Leviticus 7:19,והבשר אשר יגע בכל טמא לא יאכל באש ישרף והבשר כל טהור יאכל בשר
Leviticus 7:20,והנפש אשר תאכל בשר מזבח השלמים אשר ליהוה וטמאתו עליו ונכרתה הנפש ההוא מעמיה
Leviticus 7:21,ונפש כי תגע בכל טמא בטמאת אדם או בבהמה טמאה או בכל שקץ טמא ואכל מבשר זבח השלמים אשר ליהוה ונכרתה הנפש ההוא מעמיה
Leviticus 7:22,וידבר יהוה אל משה לאמר
Leviticus 7:23,דבר אל בני ישראל לאמר כל חלב שור וכשב ועז לא תאכלו
Leviticus 7:24,וחלב נבלה וחלב טרפה יעשה לכל מלאכה ואכל לא תאכלהו
Leviticus 7:25,כי כל אכל חלב מן הבהמה אשר יקריב ממנה אשה ליהוה ונכרתה הנפש האכלת מעמיה
Leviticus 7:26,וכל דם לא תאכלו בכל מושבתיכם לעוף ולבהמה
Leviticus 7:27,כל נפש אשר תאכל כל דם ונכרתה הנפש ההוא מעמיה
Leviticus 7:28,וידבר יהוה אל משה לאמר
Leviticus 7:29,דבר אל בני ישראל לאמר המקריב את זבח שלמיו ליהוה יביא את קרבנו ליהוה מזבח שלמיו
Leviticus 7:30,ידיו תביאינה את אשי יהוה את החלב על החזה יביאנו את החזה להניף אתו תנופה לפני יהוה
Leviticus 7:31,והקטיר הכהן את החלב המזבחה והיה החזה לאהרן ולבניו
Leviticus 7:32,ואת שוק הימין תתנו תרומה לכהן מזבחי שלמיכם
Leviticus 7:33,המקריב את דם השלמים ואת החלב מבני אהרן לו תהיה שוק הימין למנה
Leviticus 7:34,כי את חזה התנופה ואת שוק התרומה לקחתי מאת בני ישראל מזבחי שלמיהם ואתן אתם לאהרן הכהן ולבניו לחק עולם מאת בני ישראל
Leviticus 7:35,זאת משחת אהרן ומשחת בניו מאשי יהוה ביום הקריב אתם לכהן ליהוה
Leviticus 7:36,אשר צוה יהוה לתת להם ביום משחו אתם מאת בני ישראל חקת עולם לדרתם
Leviticus 7:37,זאת התורה לעלה למנחה ולחטאת ולאשם ולמלואים ולזבח השלמים
Leviticus 7:38,אשר צוה יהוה את משה בהר סיני ביום צותו את בני ישראל להקריב את קרבניהם ליהוה במדבר סיני
Leviticus 8:1,וידבר יהוה אל משה לאמר
Leviticus 8:2,קח את אהרן ואת בניו אתו ואת הבגדים ואת שמן המשחה ואת פר החטאת ואת שני האילים ואת סל המצות
Leviticus 8:3,ואת כל העדה הקהל אל פתח אהל מועד
Leviticus 8:4,ויעש משה כאשר צוה יהוה אתו ותקהל העדה אל פתח אהל מועד
Leviticus 8:5,ויאמר משה אל העדה זה הדבר אשר צוה יהוה לעשות
Leviticus 8:6,ויקרב משה את אהרן ואת בניו וירחץ אתם במים
Leviticus 8:7,ויתן עליו את הכתנת ויחגר אתו באבנט וילבש אתו את המעיל ויתן עליו את האפד ויחגר אתו בחשב האפד ויאפד לו בו
Leviticus 8:8,וישם עליו את החשן ויתן אל החשן את האורים ואת התמים
Leviticus 8:9,וישם את המצנפת על ראשו וישם על המצנפת אל מול פניו את ציץ הזהב נזר הקדש כאשר צוה יהוה את משה
Leviticus 8:10,ויקח משה את שמן המשחה וימשח את המשכן ואת כל אשר בו ויקדש אתם
Leviticus 8:11,ויז ממנו על המזבח שבע פעמים וימשח את המזבח ואת כל כליו ואת הכיר ואת כנו לקדשם
Leviticus 8:12,ויצק משמן המשחה על ראש אהרן וימשח אתו לקדשו
Leviticus 8:13,ויקרב משה את בני אהרן וילבשם כתנת ויחגר אתם אבנט ויחבש להם מגבעות כאשר צוה יהוה את משה
Leviticus 8:14,ויגש את פר החטאת ויסמך אהרן ובניו את ידיהם על ראש פר החטאת
Leviticus 8:15,וישחט ויקח משה את הדם ויתן על קרנות המזבח סביב באצבעו ויחטא את המזבח ואת הדם יצק אל יסוד המזבח ויקדשהו לכפר עליו
Leviticus 8:16,ויקח את כל החלב אשר על הקרב ואת יתרת הכבד ואת שתי הכלית ואת חלבהן ויקטר משה המזבחה
Leviticus 8:17,ואת הפר ואת ערו ואת בשרו ואת פרשו שרף באש מחוץ למחנה כאשר צוה יהוה את משה
Leviticus 8:18,ויקרב את איל העלה ויסמכו אהרן ובניו את ידיהם על ראש האיל
Leviticus 8:19,וישחט ויזרק משה את הדם על המזבח סביב
Leviticus 8:20,ואת האיל נתח לנתחיו ויקטר משה את הראש ואת הנתחים ואת הפדר
Leviticus 8:21,ואת הקרב ואת הכרעים רחץ במים ויקטר משה את כל האיל המזבחה עלה הוא לריח ניחח אשה הוא ליהוה כאשר צוה יהוה את משה
Leviticus 8:22,ויקרב את האיל השני איל המלאים ויסמכו אהרן ובניו את ידיהם על ראש האיל
Leviticus 8:23,וישחט ויקח משה מדמו ויתן על תנוך אזן אהרן הימנית ועל בהן ידו הימנית ועל בהן רגלו הימנית
Leviticus 8:24,ויקרב את בני אהרן ויתן משה מן הדם על תנוך אזנם הימנית ועל בהן ידם הימנית ועל בהן רגלם הימנית ויזרק משה את הדם על המזבח סביב
Leviticus 8:25,ויקח את החלב ואת האליה ואת כל החלב אשר על הקרב ואת יתרת הכבד ואת שתי הכלית ואת חלבהן ואת שוק הימין
Leviticus 8:26,ומסל המצות אשר לפני יהוה לקח חלת מצה אחת וחלת לחם שמן אחת ורקיק אחד וישם על החלבים ועל שוק הימין
Leviticus 8:27,ויתן את הכל על כפי אהרן ועל כפי בניו וינף אתם תנופה לפני יהוה
Leviticus 8:28,ויקח משה אתם מעל כפיהם ויקטר המזבחה על העלה מלאים הם לריח ניחח אשה הוא ליהוה
Leviticus 8:29,ויקח משה את החזה ויניפהו תנופה לפני יהוה מאיל המלאים למשה היה למנה כאשר צוה יהוה את משה
Leviticus 8:30,ויקח משה משמן המשחה ומן הדם אשר על המזבח ויז על אהרן על בגדיו ועל בניו ועל בגדי בניו אתו ויקדש את אהרן את בגדיו ואת בניו ואת בגדי בניו אתו
Leviticus 8:31,ויאמר משה אל אהרן ואל בניו בשלו את הבשר פתח אהל מועד ושם תאכלו אתו ואת הלחם אשר בסל המלאים כאשר צויתי לאמר אהרן ובניו יאכלהו
Leviticus 8:32,והנותר בבשר ובלחם באש תשרפו
Leviticus 8:33,ומפתח אהל מועד לא תצאו שבעת ימים עד יום מלאת ימי מלאיכם כי שבעת ימים ימלא את ידכם
Leviticus 8:34,כאשר עשה ביום הזה צוה יהוה לעשת לכפר עליכם
Leviticus 8:35,ופתח אהל מועד תשבו יומם ולילה שבעת ימים ושמרתם את משמרת יהוה ולא תמותו כי כן צויתי
Leviticus 8:36,ויעש אהרן ובניו את כל הדברים אשר צוה יהוה ביד משה
Leviticus 9:1,ויהי ביום השמיני קרא משה לאהרן ולבניו ולזקני ישראל
Leviticus 9:2,ויאמר אל אהרן קח לך עגל בן בקר לחטאת ואיל לעלה תמימם והקרב לפני יהוה
Leviticus 9:3,ואל בני ישראל תדבר לאמר קחו שעיר עזים לחטאת ועגל וכבש בני שנה תמימם לעלה
Leviticus 9:4,ושור ואיל לשלמים לזבח לפני יהוה ומנחה בלולה בשמן כי היום יהוה נראה אליכם
Leviticus 9:5,ויקחו את אשר צוה משה אל פני אהל מועד ויקרבו כל העדה ויעמדו לפני יהוה
Leviticus 9:6,ויאמר משה זה הדבר אשר צוה יהוה תעשו וירא אליכם כבוד יהוה
Leviticus 9:7,ויאמר משה אל אהרן קרב אל המזבח ועשה את חטאתך ואת עלתך וכפר בעדך ובעד העם ועשה את קרבן העם וכפר בעדם כאשר צוה יהוה
Leviticus 9:8,ויקרב אהרן אל המזבח וישחט את עגל החטאת אשר לו
Leviticus 9:9,ויקרבו בני אהרן את הדם אליו ויטבל אצבעו בדם ויתן על קרנות המזבח ואת הדם יצק אל יסוד המזבח
Leviticus 9:10,ואת החלב ואת הכלית ואת היתרת מן הכבד מן החטאת הקטיר המזבחה כאשר צוה יהוה את משה
Leviticus 9:11,ואת הבשר ואת העור שרף באש מחוץ למחנה
Leviticus 9:12,וישחט את העלה וימצאו בני אהרן אליו את הדם ויזרקהו על המזבח סביב
Leviticus 9:13,ואת העלה המציאו אליו לנתחיה ואת הראש ויקטר על המזבח
Leviticus 9:14,וירחץ את הקרב ואת הכרעים ויקטר על העלה המזבחה
Leviticus 9:15,ויקרב את קרבן העם ויקח את שעיר החטאת אשר לעם וישחטהו ויחטאהו כראשון
Leviticus 9:16,ויקרב את העלה ויעשה כמשפט
Leviticus 9:17,ויקרב את המנחה וימלא כפו ממנה ויקטר על המזבח מלבד עלת הבקר
Leviticus 9:18,וישחט את השור ואת האיל זבח השלמים אשר לעם וימצאו בני אהרן את הדם אליו ויזרקהו על המזבח סביב
Leviticus 9:19,ואת החלבים מן השור ומן האיל האליה והמכסה והכלית ויתרת הכבד
Leviticus 9:20,וישימו את החלבים על החזות ויקטר החלבים המזבחה
Leviticus 9:21,ואת החזות ואת שוק הימין הניף אהרן תנופה לפני יהוה כאשר צוה משה
Leviticus 9:22,וישא אהרן את ידו [ידיו] אל העם ויברכם וירד מעשת החטאת והעלה והשלמים
Leviticus 9:23,ויבא משה ואהרן אל אהל מועד ויצאו ויברכו את העם וירא כבוד יהוה אל כל העם
Leviticus 9:24,ותצא אש מלפני יהוה ותאכל על המזבח את העלה ואת החלבים וירא כל העם וירנו ויפלו על פניהם
Leviticus 10:1,ויקחו בני אהרן נדב ואביהוא איש מחתתו ויתנו בהן אש וישימו עליה קטרת ויקרבו לפני יהוה אש זרה אשר לא צוה אתם
Leviticus 10:2,ותצא אש מלפני יהוה ותאכל אותם וימתו לפני יהוה
Leviticus 10:3,ויאמר משה אל אהרן הוא אשר דבר יהוה לאמר בקרבי אקדש ועל פני כל העם אכבד וידם אהרן
Leviticus 10:4,ויקרא משה אל מישאל ואל אלצפן בני עזיאל דד אהרן ויאמר אלהם קרבו שאו את אחיכם מאת פני הקדש אל מחוץ למחנה
Leviticus 10:5,ויקרבו וישאם בכתנתם אל מחוץ למחנה כאשר דבר משה
Leviticus 10:6,ויאמר משה אל אהרן ולאלעזר ולאיתמר בניו ראשיכם אל תפרעו ובגדיכם לא תפרמו ולא תמתו ועל כל העדה יקצף ואחיכם כל בית ישראל יבכו את השרפה אשר שרף יהוה
Leviticus 10:7,ומפתח אהל מועד לא תצאו פן תמתו כי שמן משחת יהוה עליכם ויעשו כדבר משה
Leviticus 10:8,וידבר יהוה אל אהרן לאמר
Leviticus 10:9,יין ושכר אל תשת אתה ובניך אתך בבאכם אל אהל מועד ולא תמתו חקת עולם לדרתיכם
Leviticus 10:10,ולהבדיל בין הקדש ובין החל ובין הטמא ובין הטהור
Leviticus 10:11,ולהורת את בני ישראל את כל החקים אשר דבר יהוה אליהם ביד משה
Leviticus 10:12,וידבר משה אל אהרן ואל אלעזר ואל איתמר בניו הנותרים קחו את המנחה הנותרת מאשי יהוה ואכלוה מצות אצל המזבח כי קדש קדשים הוא
Leviticus 10:13,ואכלתם אתה במקום קדש כי חקך וחק בניך הוא מאשי יהוה כי כן צויתי
Leviticus 10:14,ואת חזה התנופה ואת שוק התרומה תאכלו במקום טהור אתה ובניך ובנתיך אתך כי חקך וחק בניך נתנו מזבחי שלמי בני ישראל
Leviticus 10:15,שוק התרומה וחזה התנופה על אשי החלבים יביאו להניף תנופה לפני יהוה והיה לך ולבניך אתך לחק עולם כאשר צוה יהוה
Leviticus 10:16,ואת שעיר החטאת דרש דרש משה והנה שרף ויקצף על אלעזר ועל איתמר בני אהרן הנותרם לאמר
Leviticus 10:17,מדוע לא אכלתם את החטאת במקום הקדש כי קדש קדשים הוא ואתה נתן לכם לשאת את עון העדה לכפר עליהם לפני יהוה
Leviticus 10:18,הן לא הובא את דמה אל הקדש פנימה אכול תאכלו אתה בקדש כאשר צויתי
Leviticus 10:19,וידבר אהרן אל משה הן היום הקריבו את חטאתם ואת עלתם לפני יהוה ותקראנה אתי כאלה ואכלתי חטאת היום הייטב בעיני יהוה
Leviticus 10:20,וישמע משה וייטב בעיניו
Leviticus 11:1,וידבר יהוה אל משה ואל אהרן לאמר אלהם
Leviticus 11:2,דברו אל בני ישראל לאמר זאת החיה אשר תאכלו מכל הבהמה אשר על הארץ
Leviticus 11:3,כל מפרסת פרסה ושסעת שסע פרסת מעלת גרה בבהמה אתה תאכלו
Leviticus 11:4,אך את זה לא תאכלו ממעלי הגרה וממפריסי הפרסה את הגמל כי מעלה גרה הוא ופרסה איננו מפריס טמא הוא לכם
Leviticus 11:5,ואת השפן כי מעלה גרה הוא ופרסה לא יפריס טמא הוא לכם
Leviticus 11:6,ואת הארנבת כי מעלת גרה הוא ופרסה לא הפריסה טמאה הוא לכם
Leviticus 11:7,ואת החזיר כי מפריס פרסה הוא ושסע שסע פרסה והוא גרה לא יגר טמא הוא לכם
Leviticus 11:8,מבשרם לא תאכלו ובנבלתם לא תגעו טמאים הם לכם
Leviticus 11:9,את זה תאכלו מכל אשר במים כל אשר לו סנפיר וקשקשת במים בימים ובנחלים אתם תאכלו
Leviticus 11:10,וכל אשר אין לו סנפיר וקשקשת בימים ובנחלים מכל שרץ המים ומכל נפש החיה אשר במים שקץ הם לכם
Leviticus 11:11,ושקץ יהיו לכם מבשרם לא תאכלו ואת נבלתם תשקצו
Leviticus 11:12,כל אשר אין לו סנפיר וקשקשת במים שקץ הוא לכם
Leviticus 11:13,ואת אלה תשקצו מן העוף לא יאכלו שקץ הם את הנשר ואת הפרס ואת העזניה
Leviticus 11:14,ואת הדאה ואת האיה למינה
Leviticus 11:15,את כל ערב למינו
Leviticus 11:16,ואת בת היענה ואת התחמס ואת השחף ואת הנץ למינהו
Leviticus 11:17,ואת הכוס ואת השלך ואת הינשוף
Leviticus 11:18,ואת התנשמת ואת הקאת ואת הרחם
Leviticus 11:19,ואת החסידה האנפה למינה ואת הדוכיפת ואת העטלף
Leviticus 11:20,כל שרץ העוף ההלך על ארבע שקץ הוא לכם
Leviticus 11:21,אך את זה תאכלו מכל שרץ העוף ההלך על ארבע אשר לא [לו] כרעים ממעל לרגליו לנתר בהן על הארץ
Leviticus 11:22,את אלה מהם תאכלו את הארבה למינו ואת הסלעם למינהו ואת החרגל למינהו ואת החגב למינהו
Leviticus 11:23,וכל שרץ העוף אשר לו ארבע רגלים שקץ הוא לכם
Leviticus 11:24,ולאלה תטמאו כל הנגע בנבלתם יטמא עד הערב
Leviticus 11:25,וכל הנשא מנבלתם יכבס בגדיו וטמא עד הערב
Leviticus 11:26,לכל הבהמה אשר הוא מפרסת פרסה ושסע איננה שסעת וגרה איננה מעלה טמאים הם לכם כל הנגע בהם יטמא
Leviticus 11:27,וכל הולך על כפיו בכל החיה ההלכת על ארבע טמאים הם לכם כל הנגע בנבלתם יטמא עד הערב
Leviticus 11:28,והנשא את נבלתם יכבס בגדיו וטמא עד הערב טמאים המה לכם
Leviticus 11:29,וזה לכם הטמא בשרץ השרץ על הארץ החלד והעכבר והצב למינהו
Leviticus 11:30,והאנקה והכח והלטאה והחמט והתנשמת
Leviticus 11:31,אלה הטמאים לכם בכל השרץ כל הנגע בהם במתם יטמא עד הערב
Leviticus 11:32,וכל אשר יפל עליו מהם במתם יטמא מכל כלי עץ או בגד או עור או שק כל כלי אשר יעשה מלאכה בהם במים יובא וטמא עד הערב וטהר
Leviticus 11:33,וכל כלי חרש אשר יפל מהם אל תוכו כל אשר בתוכו יטמא ואתו תשברו
Leviticus 11:34,מכל האכל אשר יאכל אשר יבוא עליו מים יטמא וכל משקה אשר ישתה בכל כלי יטמא
Leviticus 11:35,וכל אשר יפל מנבלתם עליו יטמא תנור וכירים יתץ טמאים הם וטמאים יהיו לכם
Leviticus 11:36,אך מעין ובור מקוה מים יהיה טהור ונגע בנבלתם יטמא
Leviticus 11:37,וכי יפל מנבלתם על כל זרע זרוע אשר יזרע טהור הוא
Leviticus 11:38,וכי יתן מים על זרע ונפל מנבלתם עליו טמא הוא לכם
Leviticus 11:39,וכי ימות מן הבהמה אשר היא לכם לאכלה הנגע בנבלתה יטמא עד הערב
Leviticus 11:40,והאכל מנבלתה יכבס בגדיו וטמא עד הערב והנשא את נבלתה יכבס בגדיו וטמא עד הערב
Leviticus 11:41,וכל השרץ השרץ על הארץ שקץ הוא לא יאכל
Leviticus 11:42,כל הולך על גחון וכל הולך על ארבע עד כל מרבה רגלים לכל השרץ השרץ על הארץ לא תאכלום כי שקץ הם
Leviticus 11:43,אל תשקצו את נפשתיכם בכל השרץ השרץ ולא תטמאו בהם ונטמתם בם
Leviticus 11:44,כי אני יהוה אלהיכם והתקדשתם והייתם קדשים כי קדוש אני ולא תטמאו את נפשתיכם בכל השרץ הרמש על הארץ
Leviticus 11:45,כי אני יהוה המעלה אתכם מארץ מצרים להית לכם לאלהים והייתם קדשים כי קדוש אני
Leviticus 11:46,זאת תורת הבהמה והעוף וכל נפש החיה הרמשת במים ולכל נפש השרצת על הארץ
Leviticus 11:47,להבדיל בין הטמא ובין הטהר ובין החיה הנאכלת ובין החיה אשר לא תאכל
Leviticus 12:1,וידבר יהוה אל משה לאמר
Leviticus 12:2,דבר אל בני ישראל לאמר אשה כי תזריע וילדה זכר וטמאה שבעת ימים כימי נדת דותה תטמא
Leviticus 12:3,וביום השמיני ימול בשר ערלתו
Leviticus 12:4,ושלשים יום ושלשת ימים תשב בדמי טהרה בכל קדש לא תגע ואל המקדש לא תבא עד מלאת ימי טהרה
Leviticus 12:5,ואם נקבה תלד וטמאה שבעים כנדתה וששים יום וששת ימים תשב על דמי טהרה
Leviticus 12:6,ובמלאת ימי טהרה לבן או לבת תביא כבש בן שנתו לעלה ובן יונה או תר לחטאת אל פתח אהל מועד אל הכהן
Leviticus 12:7,והקריבו לפני יהוה וכפר עליה וטהרה ממקר דמיה זאת תורת הילדת לזכר או לנקבה
Leviticus 12:8,ואם לא תמצא ידה די שה ולקחה שתי תרים או שני בני יונה אחד לעלה ואחד לחטאת וכפר עליה הכהן וטהרה
Leviticus 13:1,וידבר יהוה אל משה ואל אהרן לאמר
Leviticus 13:2,אדם כי יהיה בעור בשרו שאת או ספחת או בהרת והיה בעור בשרו לנגע צרעת והובא אל אהרן הכהן או אל אחד מבניו הכהנים
Leviticus 13:3,וראה הכהן את הנגע בעור הבשר ושער בנגע הפך לבן ומראה הנגע עמק מעור בשרו נגע צרעת הוא וראהו הכהן וטמא אתו
Leviticus 13:4,ואם בהרת לבנה הוא בעור בשרו ועמק אין מראה מן העור ושערה לא הפך לבן והסגיר הכהן את הנגע שבעת ימים
Leviticus 13:5,וראהו הכהן ביום השביעי והנה הנגע עמד בעיניו לא פשה הנגע בעור והסגירו הכהן שבעת ימים שנית
Leviticus 13:6,וראה הכהן אתו ביום השביעי שנית והנה כהה הנגע ולא פשה הנגע בעור וטהרו הכהן מספחת היא וכבס בגדיו וטהר
Leviticus 13:7,ואם פשה תפשה המספחת בעור אחרי הראתו אל הכהן לטהרתו ונראה שנית אל הכהן
Leviticus 13:8,וראה הכהן והנה פשתה המספחת בעור וטמאו הכהן צרעת הוא
Leviticus 13:9,נגע צרעת כי תהיה באדם והובא אל הכהן
Leviticus 13:10,וראה הכהן והנה שאת לבנה בעור והיא הפכה שער לבן ומחית בשר חי בשאת
Leviticus 13:11,צרעת נושנת הוא בעור בשרו וטמאו הכהן לא יסגרנו כי טמא הוא
Leviticus 13:12,ואם פרוח תפרח הצרעת בעור וכסתה הצרעת את כל עור הנגע מראשו ועד רגליו לכל מראה עיני הכהן
Leviticus 13:13,וראה הכהן והנה כסתה הצרעת את כל בשרו וטהר את הנגע כלו הפך לבן טהור הוא
Leviticus 13:14,וביום הראות בו בשר חי יטמא
Leviticus 13:15,וראה הכהן את הבשר החי וטמאו הבשר החי טמא הוא צרעת הוא
Leviticus 13:16,או כי ישוב הבשר החי ונהפך ללבן ובא אל הכהן
Leviticus 13:17,וראהו הכהן והנה נהפך הנגע ללבן וטהר הכהן את הנגע טהור הוא
Leviticus 13:18,ובשר כי יהיה בו בערו שחין ונרפא
Leviticus 13:19,והיה במקום השחין שאת לבנה או בהרת לבנה אדמדמת ונראה אל הכהן
Leviticus 13:20,וראה הכהן והנה מראה שפל מן העור ושערה הפך לבן וטמאו הכהן נגע צרעת הוא בשחין פרחה
Leviticus 13:21,ואם יראנה הכהן והנה אין בה שער לבן ושפלה איננה מן העור והיא כהה והסגירו הכהן שבעת ימים
Leviticus 13:22,ואם פשה תפשה בעור וטמא הכהן אתו נגע הוא
Leviticus 13:23,ואם תחתיה תעמד הבהרת לא פשתה צרבת השחין הוא וטהרו הכהן
Leviticus 13:24,או בשר כי יהיה בערו מכות אש והיתה מחית המכוה בהרת לבנה אדמדמת או לבנה
Leviticus 13:25,וראה אתה הכהן והנה נהפך שער לבן בבהרת ומראה עמק מן העור צרעת הוא במכוה פרחה וטמא אתו הכהן נגע צרעת הוא
Leviticus 13:26,ואם יראנה הכהן והנה אין בבהרת שער לבן ושפלה איננה מן העור והוא כהה והסגירו הכהן שבעת ימים
Leviticus 13:27,וראהו הכהן ביום השביעי אם פשה תפשה בעור וטמא הכהן אתו נגע צרעת הוא
Leviticus 13:28,ואם תחתיה תעמד הבהרת לא פשתה בעור והוא כהה שאת המכוה הוא וטהרו הכהן כי צרבת המכוה הוא
Leviticus 13:29,ואיש או אשה כי יהיה בו נגע בראש או בזקן
Leviticus 13:30,וראה הכהן את הנגע והנה מראהו עמק מן העור ובו שער צהב דק וטמא אתו הכהן נתק הוא צרעת הראש או הזקן הוא
Leviticus 13:31,וכי יראה הכהן את נגע הנתק והנה אין מראהו עמק מן העור ושער שחר אין בו והסגיר הכהן את נגע הנתק שבעת ימים
Leviticus 13:32,וראה הכהן את הנגע ביום השביעי והנה לא פשה הנתק ולא היה בו שער צהב ומראה הנתק אין עמק מן העור
Leviticus 13:33,והתגלח ואת הנתק לא יגלח והסגיר הכהן את הנתק שבעת ימים שנית
Leviticus 13:34,וראה הכהן את הנתק ביום השביעי והנה לא פשה הנתק בעור ומראהו איננו עמק מן העור וטהר אתו הכהן וכבס בגדיו וטהר
Leviticus 13:35,ואם פשה יפשה הנתק בעור אחרי טהרתו
Leviticus 13:36,וראהו הכהן והנה פשה הנתק בעור לא יבקר הכהן לשער הצהב טמא הוא
Leviticus 13:37,ואם בעיניו עמד הנתק ושער שחר צמח בו נרפא הנתק טהור הוא וטהרו הכהן
Leviticus 13:38,ואיש או אשה כי יהיה בעור בשרם בהרת בהרת לבנת
Leviticus 13:39,וראה הכהן והנה בעור בשרם בהרת כהות לבנת בהק הוא פרח בעור טהור הוא
Leviticus 13:40,ואיש כי ימרט ראשו קרח הוא טהור הוא
Leviticus 13:41,ואם מפאת פניו ימרט ראשו גבח הוא טהור הוא
Leviticus 13:42,וכי יהיה בקרחת או בגבחת נגע לבן אדמדם צרעת פרחת הוא בקרחתו או בגבחתו
Leviticus 13:43,וראה אתו הכהן והנה שאת הנגע לבנה אדמדמת בקרחתו או בגבחתו כמראה צרעת עור בשר
Leviticus 13:44,איש צרוע הוא טמא הוא טמא יטמאנו הכהן בראשו נגעו
Leviticus 13:45,והצרוע אשר בו הנגע בגדיו יהיו פרמים וראשו יהיה פרוע ועל שפם יעטה וטמא טמא יקרא
Leviticus 13:46,כל ימי אשר הנגע בו יטמא טמא הוא בדד ישב מחוץ למחנה מושבו
Leviticus 13:47,והבגד כי יהיה בו נגע צרעת בבגד צמר או בבגד פשתים
Leviticus 13:48,או בשתי או בערב לפשתים ולצמר או בעור או בכל מלאכת עור
Leviticus 13:49,והיה הנגע ירקרק או אדמדם בבגד או בעור או בשתי או בערב או בכל כלי עור נגע צרעת הוא והראה את הכהן
Leviticus 13:50,וראה הכהן את הנגע והסגיר את הנגע שבעת ימים
Leviticus 13:51,וראה את הנגע ביום השביעי כי פשה הנגע בבגד או בשתי או בערב או בעור לכל אשר יעשה העור למלאכה צרעת ממארת הנגע טמא הוא
Leviticus 13:52,ושרף את הבגד או את השתי או את הערב בצמר או בפשתים או את כל כלי העור אשר יהיה בו הנגע כי צרעת ממארת הוא באש תשרף
Leviticus 13:53,ואם יראה הכהן והנה לא פשה הנגע בבגד או בשתי או בערב או בכל כלי עור
Leviticus 13:54,וצוה הכהן וכבסו את אשר בו הנגע והסגירו שבעת ימים שנית
Leviticus 13:55,וראה הכהן אחרי הכבס את הנגע והנה לא הפך הנגע את עינו והנגע לא פשה טמא הוא באש תשרפנו פחתת הוא בקרחתו או בגבחתו
Leviticus 13:56,ואם ראה הכהן והנה כהה הנגע אחרי הכבס אתו וקרע אתו מן הבגד או מן העור או מן השתי או מן הערב
Leviticus 13:57,ואם תראה עוד בבגד או בשתי או בערב או בכל כלי עור פרחת הוא באש תשרפנו את אשר בו הנגע
Leviticus 13:58,והבגד או השתי או הערב או כל כלי העור אשר תכבס וסר מהם הנגע וכבס שנית וטהר
Leviticus 13:59,זאת תורת נגע צרעת בגד הצמר או הפשתים או השתי או הערב או כל כלי עור לטהרו או לטמאו
Leviticus 14:1,וידבר יהוה אל משה לאמר
Leviticus 14:2,זאת תהיה תורת המצרע ביום טהרתו והובא אל הכהן
Leviticus 14:3,ויצא הכהן אל מחוץ למחנה וראה הכהן והנה נרפא נגע הצרעת מן הצרוע
Leviticus 14:4,וצוה הכהן ולקח למטהר שתי צפרים חיות טהרות ועץ ארז ושני תולעת ואזב
Leviticus 14:5,וצוה הכהן ושחט את הצפור האחת אל כלי חרש על מים חיים
Leviticus 14:6,את הצפר החיה יקח אתה ואת עץ הארז ואת שני התולעת ואת האזב וטבל אותם ואת הצפר החיה בדם הצפר השחטה על המים החיים
Leviticus 14:7,והזה על המטהר מן הצרעת שבע פעמים וטהרו ושלח את הצפר החיה על פני השדה
Leviticus 14:8,וכבס המטהר את בגדיו וגלח את כל שערו ורחץ במים וטהר ואחר יבוא אל המחנה וישב מחוץ לאהלו שבעת ימים
Leviticus 14:9,והיה ביום השביעי יגלח את כל שערו את ראשו ואת זקנו ואת גבת עיניו ואת כל שערו יגלח וכבס את בגדיו ורחץ את בשרו במים וטהר
Leviticus 14:10,וביום השמיני יקח שני כבשים תמימים וכבשה אחת בת שנתה תמימה ושלשה עשרנים סלת מנחה בלולה בשמן ולג אחד שמן
Leviticus 14:11,והעמיד הכהן המטהר את האיש המטהר ואתם לפני יהוה פתח אהל מועד
Leviticus 14:12,ולקח הכהן את הכבש האחד והקריב אתו לאשם ואת לג השמן והניף אתם תנופה לפני יהוה
Leviticus 14:13,ושחט את הכבש במקום אשר ישחט את החטאת ואת העלה במקום הקדש כי כחטאת האשם הוא לכהן קדש קדשים הוא
Leviticus 14:14,ולקח הכהן מדם האשם ונתן הכהן על תנוך אזן המטהר הימנית ועל בהן ידו הימנית ועל בהן רגלו הימנית
Leviticus 14:15,ולקח הכהן מלג השמן ויצק על כף הכהן השמאלית
Leviticus 14:16,וטבל הכהן את אצבעו הימנית מן השמן אשר על כפו השמאלית והזה מן השמן באצבעו שבע פעמים לפני יהוה
Leviticus 14:17,ומיתר השמן אשר על כפו יתן הכהן על תנוך אזן המטהר הימנית ועל בהן ידו הימנית ועל בהן רגלו הימנית על דם האשם
Leviticus 14:18,והנותר בשמן אשר על כף הכהן יתן על ראש המטהר וכפר עליו הכהן לפני יהוה
Leviticus 14:19,ועשה הכהן את החטאת וכפר על המטהר מטמאתו ואחר ישחט את העלה
Leviticus 14:20,והעלה הכהן את העלה ואת המנחה המזבחה וכפר עליו הכהן וטהר
Leviticus 14:21,ואם דל הוא ואין ידו משגת ולקח כבש אחד אשם לתנופה לכפר עליו ועשרון סלת אחד בלול בשמן למנחה ולג שמן
Leviticus 14:22,ושתי תרים או שני בני יונה אשר תשיג ידו והיה אחד חטאת והאחד עלה
Leviticus 14:23,והביא אתם ביום השמיני לטהרתו אל הכהן אל פתח אהל מועד לפני יהוה
Leviticus 14:24,ולקח הכהן את כבש האשם ואת לג השמן והניף אתם הכהן תנופה לפני יהוה
Leviticus 14:25,ושחט את כבש האשם ולקח הכהן מדם האשם ונתן על תנוך אזן המטהר הימנית ועל בהן ידו הימנית ועל בהן רגלו הימנית
Leviticus 14:26,ומן השמן יצק הכהן על כף הכהן השמאלית
Leviticus 14:27,והזה הכהן באצבעו הימנית מן השמן אשר על כפו השמאלית שבע פעמים לפני יהוה
Leviticus 14:28,ונתן הכהן מן השמן אשר על כפו על תנוך אזן המטהר הימנית ועל בהן ידו הימנית ועל בהן רגלו הימנית על מקום דם האשם
Leviticus 14:29,והנותר מן השמן אשר על כף הכהן יתן על ראש המטהר לכפר עליו לפני יהוה
Leviticus 14:30,ועשה את האחד מן התרים או מן בני היונה מאשר תשיג ידו
Leviticus 14:31,את אשר תשיג ידו את האחד חטאת ואת האחד עלה על המנחה וכפר הכהן על המטהר לפני יהוה
Leviticus 14:32,זאת תורת אשר בו נגע צרעת אשר לא תשיג ידו בטהרתו
Leviticus 14:33,וידבר יהוה אל משה ואל אהרן לאמר
Leviticus 14:34,כי תבאו אל ארץ כנען אשר אני נתן לכם לאחזה ונתתי נגע צרעת בבית ארץ אחזתכם
Leviticus 14:35,ובא אשר לו הבית והגיד לכהן לאמר כנגע נראה לי בבית
Leviticus 14:36,וצוה הכהן ופנו את הבית בטרם יבא הכהן לראות את הנגע ולא יטמא כל אשר בבית ואחר כן יבא הכהן לראות את הבית
Leviticus 14:37,וראה את הנגע והנה הנגע בקירת הבית שקערורת ירקרקת או אדמדמת ומראיהן שפל מן הקיר
Leviticus 14:38,ויצא הכהן מן הבית אל פתח הבית והסגיר את הבית שבעת ימים
Leviticus 14:39,ושב הכהן ביום השביעי וראה והנה פשה הנגע בקירת הבית
Leviticus 14:40,וצוה הכהן וחלצו את האבנים אשר בהן הנגע והשליכו אתהן אל מחוץ לעיר אל מקום טמא
Leviticus 14:41,ואת הבית יקצע מבית סביב ושפכו את העפר אשר הקצו אל מחוץ לעיר אל מקום טמא
Leviticus 14:42,ולקחו אבנים אחרות והביאו אל תחת האבנים ועפר אחר יקח וטח את הבית
Leviticus 14:43,ואם ישוב הנגע ופרח בבית אחר חלץ את האבנים ואחרי הקצות את הבית ואחרי הטוח
Leviticus 14:44,ובא הכהן וראה והנה פשה הנגע בבית צרעת ממארת הוא בבית טמא הוא
Leviticus 14:45,ונתץ את הבית את אבניו ואת עציו ואת כל עפר הבית והוציא אל מחוץ לעיר אל מקום טמא
Leviticus 14:46,והבא אל הבית כל ימי הסגיר אתו יטמא עד הערב
Leviticus 14:47,והשכב בבית יכבס את בגדיו והאכל בבית יכבס את בגדיו
Leviticus 14:48,ואם בא יבא הכהן וראה והנה לא פשה הנגע בבית אחרי הטח את הבית וטהר הכהן את הבית כי נרפא הנגע
Leviticus 14:49,ולקח לחטא את הבית שתי צפרים ועץ ארז ושני תולעת ואזב
Leviticus 14:50,ושחט את הצפר האחת אל כלי חרש על מים חיים
Leviticus 14:51,ולקח את עץ הארז ואת האזב ואת שני התולעת ואת הצפר החיה וטבל אתם בדם הצפר השחוטה ובמים החיים והזה אל הבית שבע פעמים
Leviticus 14:52,וחטא את הבית בדם הצפור ובמים החיים ובצפר החיה ובעץ הארז ובאזב ובשני התולעת
Leviticus 14:53,ושלח את הצפר החיה אל מחוץ לעיר אל פני השדה וכפר על הבית וטהר
Leviticus 14:54,זאת התורה לכל נגע הצרעת ולנתק
Leviticus 14:55,ולצרעת הבגד ולבית
Leviticus 14:56,ולשאת ולספחת ולבהרת
Leviticus 14:57,להורת ביום הטמא וביום הטהר זאת תורת הצרעת
Leviticus 15:1,וידבר יהוה אל משה ואל אהרן לאמר
Leviticus 15:2,דברו אל בני ישראל ואמרתם אלהם איש איש כי יהיה זב מבשרו זובו טמא הוא
Leviticus 15:3,וזאת תהיה טמאתו בזובו רר בשרו את זובו או החתים בשרו מזובו טמאתו הוא
Leviticus 15:4,כל המשכב אשר ישכב עליו הזב יטמא וכל הכלי אשר ישב עליו יטמא
Leviticus 15:5,ואיש אשר יגע במשכבו יכבס בגדיו ורחץ במים וטמא עד הערב
Leviticus 15:6,והישב על הכלי אשר ישב עליו הזב יכבס בגדיו ורחץ במים וטמא עד הערב
Leviticus 15:7,והנגע בבשר הזב יכבס בגדיו ורחץ במים וטמא עד הערב
Leviticus 15:8,וכי ירק הזב בטהור וכבס בגדיו ורחץ במים וטמא עד הערב
Leviticus 15:9,וכל המרכב אשר ירכב עליו הזב יטמא
Leviticus 15:10,וכל הנגע בכל אשר יהיה תחתיו יטמא עד הערב והנושא אותם יכבס בגדיו ורחץ במים וטמא עד הערב
Leviticus 15:11,וכל אשר יגע בו הזב וידיו לא שטף במים וכבס בגדיו ורחץ במים וטמא עד הערב
Leviticus 15:12,וכלי חרש אשר יגע בו הזב ישבר וכל כלי עץ ישטף במים
Leviticus 15:13,וכי יטהר הזב מזובו וספר לו שבעת ימים לטהרתו וכבס בגדיו ורחץ בשרו במים חיים וטהר
Leviticus 15:14,וביום השמיני יקח לו שתי תרים או שני בני יונה ובא לפני יהוה אל פתח אהל מועד ונתנם אל הכהן
Leviticus 15:15,ועשה אתם הכהן אחד חטאת והאחד עלה וכפר עליו הכהן לפני יהוה מזובו
Leviticus 15:16,ואיש כי תצא ממנו שכבת זרע ורחץ במים את כל בשרו וטמא עד הערב
Leviticus 15:17,וכל בגד וכל עור אשר יהיה עליו שכבת זרע וכבס במים וטמא עד הערב
Leviticus 15:18,ואשה אשר ישכב איש אתה שכבת זרע ורחצו במים וטמאו עד הערב
Leviticus 15:19,ואשה כי תהיה זבה דם יהיה זבה בבשרה שבעת ימים תהיה בנדתה וכל הנגע בה יטמא עד הערב
Leviticus 15:20,וכל אשר תשכב עליו בנדתה יטמא וכל אשר תשב עליו יטמא
Leviticus 15:21,וכל הנגע במשכבה יכבס בגדיו ורחץ במים וטמא עד הערב
Leviticus 15:22,וכל הנגע בכל כלי אשר תשב עליו יכבס בגדיו ורחץ במים וטמא עד הערב
Leviticus 15:23,ואם על המשכב הוא או על הכלי אשר הוא ישבת עליו בנגעו בו יטמא עד הערב
Leviticus 15:24,ואם שכב ישכב איש אתה ותהי נדתה עליו וטמא שבעת ימים וכל המשכב אשר ישכב עליו יטמא
Leviticus 15:25,ואשה כי יזוב זוב דמה ימים רבים בלא עת נדתה או כי תזוב על נדתה כל ימי זוב טמאתה כימי נדתה תהיה טמאה הוא
Leviticus 15:26,כל המשכב אשר תשכב עליו כל ימי זובה כמשכב נדתה יהיה לה וכל הכלי אשר תשב עליו טמא יהיה כטמאת נדתה
Leviticus 15:27,וכל הנוגע בם יטמא וכבס בגדיו ורחץ במים וטמא עד הערב
Leviticus 15:28,ואם טהרה מזובה וספרה לה שבעת ימים ואחר תטהר
Leviticus 15:29,וביום השמיני תקח לה שתי תרים או שני בני יונה והביאה אותם אל הכהן אל פתח אהל מועד
Leviticus 15:30,ועשה הכהן את האחד חטאת ואת האחד עלה וכפר עליה הכהן לפני יהוה מזוב טמאתה
Leviticus 15:31,והזרתם את בני ישראל מטמאתם ולא ימתו בטמאתם בטמאם את משכני אשר בתוכם
Leviticus 15:32,זאת תורת הזב ואשר תצא ממנו שכבת זרע לטמאה בה
Leviticus 15:33,והדוה בנדתה והזב את זובו לזכר ולנקבה ולאיש אשר ישכב עם טמאה
Leviticus 16:1,וידבר יהוה אל משה אחרי מות שני בני אהרן בקרבתם לפני יהוה וימתו
Leviticus 16:2,ויאמר יהוה אל משה דבר אל אהרן אחיך ואל יבא בכל עת אל הקדש מבית לפרכת אל פני הכפרת אשר על הארן ולא ימות כי בענן אראה על הכפרת
Leviticus 16:3,בזאת יבא אהרן אל הקדש בפר בן בקר לחטאת ואיל לעלה
Leviticus 16:4,כתנת בד קדש ילבש ומכנסי בד יהיו על בשרו ובאבנט בד יחגר ובמצנפת בד יצנף בגדי קדש הם ורחץ במים את בשרו ולבשם
Leviticus 16:5,ומאת עדת בני ישראל יקח שני שעירי עזים לחטאת ואיל אחד לעלה
Leviticus 16:6,והקריב אהרן את פר החטאת אשר לו וכפר בעדו ובעד ביתו
Leviticus 16:7,ולקח את שני השעירם והעמיד אתם לפני יהוה פתח אהל מועד
Leviticus 16:8,ונתן אהרן על שני השעירם גורלות גורל אחד ליהוה וגורל אחד לעזאזל
Leviticus 16:9,והקריב אהרן את השעיר אשר עלה עליו הגורל ליהוה ועשהו חטאת
Leviticus 16:10,והשעיר אשר עלה עליו הגורל לעזאזל יעמד חי לפני יהוה לכפר עליו לשלח אתו לעזאזל המדברה
Leviticus 16:11,והקריב אהרן את פר החטאת אשר לו וכפר בעדו ובעד ביתו ושחט את פר החטאת אשר לו
Leviticus 16:12,ולקח מלא המחתה גחלי אש מעל המזבח מלפני יהוה ומלא חפניו קטרת סמים דקה והביא מבית לפרכת
Leviticus 16:13,ונתן את הקטרת על האש לפני יהוה וכסה ענן הקטרת את הכפרת אשר על העדות ולא ימות
Leviticus 16:14,ולקח מדם הפר והזה באצבעו על פני הכפרת קדמה ולפני הכפרת יזה שבע פעמים מן הדם באצבעו
Leviticus 16:15,ושחט את שעיר החטאת אשר לעם והביא את דמו אל מבית לפרכת ועשה את דמו כאשר עשה לדם הפר והזה אתו על הכפרת ולפני הכפרת
Leviticus 16:16,וכפר על הקדש מטמאת בני ישראל ומפשעיהם לכל חטאתם וכן יעשה לאהל מועד השכן אתם בתוך טמאתם
Leviticus 16:17,וכל אדם לא יהיה באהל מועד בבאו לכפר בקדש עד צאתו וכפר בעדו ובעד ביתו ובעד כל קהל ישראל
Leviticus 16:18,ויצא אל המזבח אשר לפני יהוה וכפר עליו ולקח מדם הפר ומדם השעיר ונתן על קרנות המזבח סביב
Leviticus 16:19,והזה עליו מן הדם באצבעו שבע פעמים וטהרו וקדשו מטמאת בני ישראל
Leviticus 16:20,וכלה מכפר את הקדש ואת אהל מועד ואת המזבח והקריב את השעיר החי
Leviticus 16:21,וסמך אהרן את שתי ידו [ידיו] על ראש השעיר החי והתודה עליו את כל עונת בני ישראל ואת כל פשעיהם לכל חטאתם ונתן אתם על ראש השעיר ושלח ביד איש עתי המדברה
Leviticus 16:22,ונשא השעיר עליו את כל עונתם אל ארץ גזרה ושלח את השעיר במדבר
Leviticus 16:23,ובא אהרן אל אהל מועד ופשט את בגדי הבד אשר לבש בבאו אל הקדש והניחם שם
Leviticus 16:24,ורחץ את בשרו במים במקום קדוש ולבש את בגדיו ויצא ועשה את עלתו ואת עלת העם וכפר בעדו ובעד העם
Leviticus 16:25,ואת חלב החטאת יקטיר המזבחה
Leviticus 16:26,והמשלח את השעיר לעזאזל יכבס בגדיו ורחץ את בשרו במים ואחרי כן יבוא אל המחנה
Leviticus 16:27,ואת פר החטאת ואת שעיר החטאת אשר הובא את דמם לכפר בקדש יוציא אל מחוץ למחנה ושרפו באש את ערתם ואת בשרם ואת פרשם
Leviticus 16:28,והשרף אתם יכבס בגדיו ורחץ את בשרו במים ואחרי כן יבוא אל המחנה
Leviticus 16:29,והיתה לכם לחקת עולם בחדש השביעי בעשור לחדש תענו את נפשתיכם וכל מלאכה לא תעשו האזרח והגר הגר בתוככם
Leviticus 16:30,כי ביום הזה יכפר עליכם לטהר אתכם מכל חטאתיכם לפני יהוה תטהרו
Leviticus 16:31,שבת שבתון היא לכם ועניתם את נפשתיכם חקת עולם
Leviticus 16:32,וכפר הכהן אשר ימשח אתו ואשר ימלא את ידו לכהן תחת אביו ולבש את בגדי הבד בגדי הקדש
Leviticus 16:33,וכפר את מקדש הקדש ואת אהל מועד ואת המזבח יכפר ועל הכהנים ועל כל עם הקהל יכפר
Leviticus 16:34,והיתה זאת לכם לחקת עולם לכפר על בני ישראל מכל חטאתם אחת בשנה ויעש כאשר צוה יהוה את משה
Leviticus 17:1,וידבר יהוה אל משה לאמר
Leviticus 17:2,דבר אל אהרן ואל בניו ואל כל בני ישראל ואמרת אליהם זה הדבר אשר צוה יהוה לאמר
Leviticus 17:3,איש איש מבית ישראל אשר ישחט שור או כשב או עז במחנה או אשר ישחט מחוץ למחנה
Leviticus 17:4,ואל פתח אהל מועד לא הביאו להקריב קרבן ליהוה לפני משכן יהוה דם יחשב לאיש ההוא דם שפך ונכרת האיש ההוא מקרב עמו
Leviticus 17:5,למען אשר יביאו בני ישראל את זבחיהם אשר הם זבחים על פני השדה והביאם ליהוה אל פתח אהל מועד אל הכהן וזבחו זבחי שלמים ליהוה אותם
Leviticus 17:6,וזרק הכהן את הדם על מזבח יהוה פתח אהל מועד והקטיר החלב לריח ניחח ליהוה
Leviticus 17:7,ולא יזבחו עוד את זבחיהם לשעירם אשר הם זנים אחריהם חקת עולם תהיה זאת להם לדרתם
Leviticus 17:8,ואלהם תאמר איש איש מבית ישראל ומן הגר אשר יגור בתוכם אשר יעלה עלה או זבח
Leviticus 17:9,ואל פתח אהל מועד לא יביאנו לעשות אתו ליהוה ונכרת האיש ההוא מעמיו
Leviticus 17:10,ואיש איש מבית ישראל ומן הגר הגר בתוכם אשר יאכל כל דם ונתתי פני בנפש האכלת את הדם והכרתי אתה מקרב עמה
Leviticus 17:11,כי נפש הבשר בדם הוא ואני נתתיו לכם על המזבח לכפר על נפשתיכם כי הדם הוא בנפש יכפר
Leviticus 17:12,על כן אמרתי לבני ישראל כל נפש מכם לא תאכל דם והגר הגר בתוככם לא יאכל דם
Leviticus 17:13,ואיש איש מבני ישראל ומן הגר הגר בתוכם אשר יצוד ציד חיה או עוף אשר יאכל ושפך את דמו וכסהו בעפר
Leviticus 17:14,כי נפש כל בשר דמו בנפשו הוא ואמר לבני ישראל דם כל בשר לא תאכלו כי נפש כל בשר דמו הוא כל אכליו יכרת
Leviticus 17:15,וכל נפש אשר תאכל נבלה וטרפה באזרח ובגר וכבס בגדיו ורחץ במים וטמא עד הערב וטהר
Leviticus 17:16,ואם לא יכבס ובשרו לא ירחץ ונשא עונו
Leviticus 18:1,וידבר יהוה אל משה לאמר
Leviticus 18:2,דבר אל בני ישראל ואמרת אלהם אני יהוה אלהיכם
Leviticus 18:3,כמעשה ארץ מצרים אשר ישבתם בה לא תעשו וכמעשה ארץ כנען אשר אני מביא אתכם שמה לא תעשו ובחקתיהם לא תלכו
Leviticus 18:4,את משפטי תעשו ואת חקתי תשמרו ללכת בהם אני יהוה אלהיכם
Leviticus 18:5,ושמרתם את חקתי ואת משפטי אשר יעשה אתם האדם וחי בהם אני יהוה
Leviticus 18:6,איש איש אל כל שאר בשרו לא תקרבו לגלות ערוה אני יהוה
Leviticus 18:7,ערות אביך וערות אמך לא תגלה אמך הוא לא תגלה ערותה
Leviticus 18:8,ערות אשת אביך לא תגלה ערות אביך הוא
Leviticus 18:9,ערות אחותך בת אביך או בת אמך מולדת בית או מולדת חוץ לא תגלה ערותן
Leviticus 18:10,ערות בת בנך או בת בתך לא תגלה ערותן כי ערותך הנה
Leviticus 18:11,ערות בת אשת אביך מולדת אביך אחותך הוא לא תגלה ערותה
Leviticus 18:12,ערות אחות אביך לא תגלה שאר אביך הוא
Leviticus 18:13,ערות אחות אמך לא תגלה כי שאר אמך הוא
Leviticus 18:14,ערות אחי אביך לא תגלה אל אשתו לא תקרב דדתך הוא
Leviticus 18:15,ערות כלתך לא תגלה אשת בנך הוא לא תגלה ערותה
Leviticus 18:16,ערות אשת אחיך לא תגלה ערות אחיך הוא
Leviticus 18:17,ערות אשה ובתה לא תגלה את בת בנה ואת בת בתה לא תקח לגלות ערותה שארה הנה זמה הוא
Leviticus 18:18,ואשה אל אחתה לא תקח לצרר לגלות ערותה עליה בחייה
Leviticus 18:19,ואל אשה בנדת טמאתה לא תקרב לגלות ערותה
Leviticus 18:20,ואל אשת עמיתך לא תתן שכבתך לזרע לטמאה בה
Leviticus 18:21,ומזרעך לא תתן להעביר למלך ולא תחלל את שם אלהיך אני יהוה
Leviticus 18:22,ואת זכר לא תשכב משכבי אשה תועבה הוא
Leviticus 18:23,ובכל בהמה לא תתן שכבתך לטמאה בה ואשה לא תעמד לפני בהמה לרבעה תבל הוא
Leviticus 18:24,אל תטמאו בכל אלה כי בכל אלה נטמאו הגוים אשר אני משלח מפניכם
Leviticus 18:25,ותטמא הארץ ואפקד עונה עליה ותקא הארץ את ישביה
Leviticus 18:26,ושמרתם אתם את חקתי ואת משפטי ולא תעשו מכל התועבת האלה האזרח והגר הגר בתוככם
Leviticus 18:27,כי את כל התועבת האל עשו אנשי הארץ אשר לפניכם ותטמא הארץ
Leviticus 18:28,ולא תקיא הארץ אתכם בטמאכם אתה כאשר קאה את הגוי אשר לפניכם
Leviticus 18:29,כי כל אשר יעשה מכל התועבות האלה ונכרתו הנפשות העשת מקרב עמם
Leviticus 18:30,ושמרתם את משמרתי לבלתי עשות מחקות התועבת אשר נעשו לפניכם ולא תטמאו בהם אני יהוה אלהיכם
Leviticus 19:1,וידבר יהוה אל משה לאמר
Leviticus 19:2,דבר אל כל עדת בני ישראל ואמרת אלהם קדשים תהיו כי קדוש אני יהוה אלהיכם
Leviticus 19:3,איש אמו ואביו תיראו ואת שבתתי תשמרו אני יהוה אלהיכם
Leviticus 19:4,אל תפנו אל האלילים ואלהי מסכה לא תעשו לכם אני יהוה אלהיכם
Leviticus 19:5,וכי תזבחו זבח שלמים ליהוה לרצנכם תזבחהו
Leviticus 19:6,ביום זבחכם יאכל וממחרת והנותר עד יום השלישי באש ישרף
Leviticus 19:7,ואם האכל יאכל ביום השלישי פגול הוא לא ירצה
Leviticus 19:8,ואכליו עונו ישא כי את קדש יהוה חלל ונכרתה הנפש ההוא מעמיה
Leviticus 19:9,ובקצרכם את קציר ארצכם לא תכלה פאת שדך לקצר ולקט קצירך לא תלקט
Leviticus 19:10,וכרמך לא תעולל ופרט כרמך לא תלקט לעני ולגר תעזב אתם אני יהוה אלהיכם
Leviticus 19:11,לא תגנבו ולא תכחשו ולא תשקרו איש בעמיתו
Leviticus 19:12,ולא תשבעו בשמי לשקר וחללת את שם אלהיך אני יהוה
Leviticus 19:13,לא תעשק את רעך ולא תגזל לא תלין פעלת שכיר אתך עד בקר
Leviticus 19:14,לא תקלל חרש ולפני עור לא תתן מכשל ויראת מאלהיך אני יהוה
Leviticus 19:15,לא תעשו עול במשפט לא תשא פני דל ולא תהדר פני גדול בצדק תשפט עמיתך
Leviticus 19:16,לא תלך רכיל בעמיך לא תעמד על דם רעך אני יהוה
Leviticus 19:17,לא תשנא את אחיך בלבבך הוכח תוכיח את עמיתך ולא תשא עליו חטא
Leviticus 19:18,לא תקם ולא תטר את בני עמך ואהבת לרעך כמוך אני יהוה
Leviticus 19:19,את חקתי תשמרו בהמתך לא תרביע כלאים שדך לא תזרע כלאים ובגד כלאים שעטנז לא יעלה עליך
Leviticus 19:20,ואיש כי ישכב את אשה שכבת זרע והוא שפחה נחרפת לאיש והפדה לא נפדתה או חפשה לא נתן לה בקרת תהיה לא יומתו כי לא חפשה
Leviticus 19:21,והביא את אשמו ליהוה אל פתח אהל מועד איל אשם
Leviticus 19:22,וכפר עליו הכהן באיל האשם לפני יהוה על חטאתו אשר חטא ונסלח לו מחטאתו אשר חטא
Leviticus 19:23,וכי תבאו אל הארץ ונטעתם כל עץ מאכל וערלתם ערלתו את פריו שלש שנים יהיה לכם ערלים לא יאכל
Leviticus 19:24,ובשנה הרביעת יהיה כל פריו קדש הלולים ליהוה
Leviticus 19:25,ובשנה החמישת תאכלו את פריו להוסיף לכם תבואתו אני יהוה אלהיכם
Leviticus 19:26,לא תאכלו על הדם לא תנחשו ולא תעוננו
Leviticus 19:27,לא תקפו פאת ראשכם ולא תשחית את פאת זקנך
Leviticus 19:28,ושרט לנפש לא תתנו בבשרכם וכתבת קעקע לא תתנו בכם אני יהוה
Leviticus 19:29,אל תחלל את בתך להזנותה ולא תזנה הארץ ומלאה הארץ זמה
Leviticus 19:30,את שבתתי תשמרו ומקדשי תיראו אני יהוה
Leviticus 19:31,אל תפנו אל האבת ואל הידענים אל תבקשו לטמאה בהם אני יהוה אלהיכם
Leviticus 19:32,מפני שיבה תקום והדרת פני זקן ויראת מאלהיך אני יהוה
Leviticus 19:33,וכי יגור אתך גר בארצכם לא תונו אתו
Leviticus 19:34,כאזרח מכם יהיה לכם הגר הגר אתכם ואהבת לו כמוך כי גרים הייתם בארץ מצרים אני יהוה אלהיכם
Leviticus 19:35,לא תעשו עול במשפט במדה במשקל ובמשורה
Leviticus 19:36,מאזני צדק אבני צדק איפת צדק והין צדק יהיה לכם אני יהוה אלהיכם אשר הוצאתי אתכם מארץ מצרים
Leviticus 19:37,ושמרתם את כל חקתי ואת כל משפטי ועשיתם אתם אני יהוה
Leviticus 20:1,וידבר יהוה אל משה לאמר
Leviticus 20:2,ואל בני ישראל תאמר איש איש מבני ישראל ומן הגר הגר בישראל אשר יתן מזרעו למלך מות יומת עם הארץ ירגמהו באבן
Leviticus 20:3,ואני אתן את פני באיש ההוא והכרתי אתו מקרב עמו כי מזרעו נתן למלך למען טמא את מקדשי ולחלל את שם קדשי
Leviticus 20:4,ואם העלם יעלימו עם הארץ את עיניהם מן האיש ההוא בתתו מזרעו למלך לבלתי המית אתו
Leviticus 20:5,ושמתי אני את פני באיש ההוא ובמשפחתו והכרתי אתו ואת כל הזנים אחריו לזנות אחרי המלך מקרב עמם
Leviticus 20:6,והנפש אשר תפנה אל האבת ואל הידענים לזנות אחריהם ונתתי את פני בנפש ההוא והכרתי אתו מקרב עמו
Leviticus 20:7,והתקדשתם והייתם קדשים כי אני יהוה אלהיכם
Leviticus 20:8,ושמרתם את חקתי ועשיתם אתם אני יהוה מקדשכם
Leviticus 20:9,כי איש איש אשר יקלל את אביו ואת אמו מות יומת אביו ואמו קלל דמיו בו
Leviticus 20:10,ואיש אשר ינאף את אשת איש אשר ינאף את אשת רעהו מות יומת הנאף והנאפת
Leviticus 20:11,ואיש אשר ישכב את אשת אביו ערות אביו גלה מות יומתו שניהם דמיהם בם
Leviticus 20:12,ואיש אשר ישכב את כלתו מות יומתו שניהם תבל עשו דמיהם בם
Leviticus 20:13,ואיש אשר ישכב את זכר משכבי אשה תועבה עשו שניהם מות יומתו דמיהם בם
Leviticus 20:14,ואיש אשר יקח את אשה ואת אמה זמה הוא באש ישרפו אתו ואתהן ולא תהיה זמה בתוככם
Leviticus 20:15,ואיש אשר יתן שכבתו בבהמה מות יומת ואת הבהמה תהרגו
Leviticus 20:16,ואשה אשר תקרב אל כל בהמה לרבעה אתה והרגת את האשה ואת הבהמה מות יומתו דמיהם בם
Leviticus 20:17,ואיש אשר יקח את אחתו בת אביו או בת אמו וראה את ערותה והיא תראה את ערותו חסד הוא ונכרתו לעיני בני עמם ערות אחתו גלה עונו ישא
Leviticus 20:18,ואיש אשר ישכב את אשה דוה וגלה את ערותה את מקרה הערה והיא גלתה את מקור דמיה ונכרתו שניהם מקרב עמם
Leviticus 20:19,וערות אחות אמך ואחות אביך לא תגלה כי את שארו הערה עונם ישאו
Leviticus 20:20,ואיש אשר ישכב את דדתו ערות דדו גלה חטאם ישאו ערירים ימתו
Leviticus 20:21,ואיש אשר יקח את אשת אחיו נדה הוא ערות אחיו גלה ערירים יהיו
Leviticus 20:22,ושמרתם את כל חקתי ואת כל משפטי ועשיתם אתם ולא תקיא אתכם הארץ אשר אני מביא אתכם שמה לשבת בה
Leviticus 20:23,ולא תלכו בחקת הגוי אשר אני משלח מפניכם כי את כל אלה עשו ואקץ בם
Leviticus 20:24,ואמר לכם אתם תירשו את אדמתם ואני אתננה לכם לרשת אתה ארץ זבת חלב ודבש אני יהוה אלהיכם אשר הבדלתי אתכם מן העמים
Leviticus 20:25,והבדלתם בין הבהמה הטהרה לטמאה ובין העוף הטמא לטהר ולא תשקצו את נפשתיכם בבהמה ובעוף ובכל אשר תרמש האדמה אשר הבדלתי לכם לטמא
Leviticus 20:26,והייתם לי קדשים כי קדוש אני יהוה ואבדל אתכם מן העמים להיות לי
Leviticus 20:27,ואיש או אשה כי יהיה בהם אוב או ידעני מות יומתו באבן ירגמו אתם דמיהם בם
Leviticus 21:1,ויאמר יהוה אל משה אמר אל הכהנים בני אהרן ואמרת אלהם לנפש לא יטמא בעמיו
Leviticus 21:2,כי אם לשארו הקרב אליו לאמו ולאביו ולבנו ולבתו ולאחיו
Leviticus 21:3,ולאחתו הבתולה הקרובה אליו אשר לא היתה לאיש לה יטמא
Leviticus 21:4,לא יטמא בעל בעמיו להחלו
Leviticus 21:5,לא יקרחה [יקרחו] קרחה בראשם ופאת זקנם לא יגלחו ובבשרם לא ישרטו שרטת
Leviticus 21:6,קדשים יהיו לאלהיהם ולא יחללו שם אלהיהם כי את אשי יהוה לחם אלהיהם הם מקריבם והיו קדש
Leviticus 21:7,אשה זנה וחללה לא יקחו ואשה גרושה מאישה לא יקחו כי קדש הוא לאלהיו
Leviticus 21:8,וקדשתו כי את לחם אלהיך הוא מקריב קדש יהיה לך כי קדוש אני יהוה מקדשכם
Leviticus 21:9,ובת איש כהן כי תחל לזנות את אביה היא מחללת באש תשרף
Leviticus 21:10,והכהן הגדול מאחיו א‍שר יוצק על ראשו שמן המשחה ומלא את ידו ללבש את הבגדים את ראשו לא יפרע ובגדיו לא יפרם
Leviticus 21:11,ועל כל נפשת מת לא יבא לאביו ולאמו לא יטמא
Leviticus 21:12,ומן המקדש לא יצא ולא יחלל את מקדש אלהיו כי נזר שמן משחת אלהיו עליו אני יהוה
Leviticus 21:13,והוא אשה בבתוליה יקח
Leviticus 21:14,אלמנה וגרושה וחללה זנה את אלה לא יקח כי אם בתולה מעמיו יקח אשה
Leviticus 21:15,ולא יחלל זרעו בעמיו כי אני יהוה מקדשו
Leviticus 21:16,וידבר יהוה אל משה לאמר
Leviticus 21:17,דבר אל אהרן לאמר איש מזרעך לדרתם אשר יהיה בו מום לא יקרב להקריב לחם אלהיו
Leviticus 21:18,כי כל איש אשר בו מום לא יקרב איש עור או פסח או חרם או שרוע
Leviticus 21:19,או איש אשר יהיה בו שבר רגל או שבר יד
Leviticus 21:20,או גבן או דק או תבלל בעינו או גרב או ילפת או מרוח אשך
Leviticus 21:21,כל איש אשר בו מום מזרע אהרן הכהן לא יגש להקריב את אשי יהוה מום בו את לחם אלהיו לא יגש להקריב
Leviticus 21:22,לחם אלהיו מקדשי הקדשים ומן הקדשים יאכל
Leviticus 21:23,אך אל הפרכת לא יבא ואל המזבח לא יגש כי מום בו ולא יחלל את מקדשי כי אני יהוה מקדשם
Leviticus 21:24,וידבר משה אל אהרן ואל בניו ואל כל בני ישראל
Leviticus 22:1,וידבר יהוה אל משה לאמר
Leviticus 22:2,דבר אל אהרן ואל בניו וינזרו מקדשי בני ישראל ולא יחללו את שם קדשי אשר הם מקדשים לי אני יהוה
Leviticus 22:3,אמר אלהם לדרתיכם כל איש אשר יקרב מכל זרעכם אל הקדשים אשר יקדישו בני ישראל ליהוה וטמאתו עליו ונכרתה הנפש ההוא מלפני אני יהוה
Leviticus 22:4,איש איש מזרע אהרן והוא צרוע או זב בקדשים לא יאכל עד אשר יטהר והנגע בכל טמא נפש או איש אשר תצא ממנו שכבת זרע
Leviticus 22:5,או איש אשר יגע בכל שרץ אשר יטמא לו או באדם אשר יטמא לו לכל טמאתו
Leviticus 22:6,נפש אשר תגע בו וטמאה עד הערב ולא יאכל מן הקדשים כי אם רחץ בשרו במים
Leviticus 22:7,ובא השמש וטהר ואחר יאכל מן הקדשים כי לחמו הוא
Leviticus 22:8,נבלה וטרפה לא יאכל לטמאה בה אני יהוה
Leviticus 22:9,ושמרו את משמרתי ולא ישאו עליו חטא ומתו בו כי יחללהו אני יהוה מקדשם
Leviticus 22:10,וכל זר לא יאכל קדש תושב כהן ושכיר לא יאכל קדש
Leviticus 22:11,וכהן כי יקנה נפש קנין כספו הוא יאכל בו ויליד ביתו הם יאכלו בלחמו
Leviticus 22:12,ובת כהן כי תהיה לאיש זר הוא בתרומת הקדשים לא תאכל
Leviticus 22:13,ובת כהן כי תהיה אלמנה וגרושה וזרע אין לה ושבה אל בית אביה כנעוריה מלחם אביה תאכל וכל זר לא יאכל בו
Leviticus 22:14,ואיש כי יאכל קדש בשגגה ויסף חמשיתו עליו ונתן לכהן את הקדש
Leviticus 22:15,ולא יחללו את קדשי בני ישראל את אשר ירימו ליהוה
Leviticus 22:16,והשיאו אותם עון אשמה באכלם את קדשיהם כי אני יהוה מקדשם
Leviticus 22:17,וידבר יהוה אל משה לאמר
Leviticus 22:18,דבר אל אהרן ואל בניו ואל כל בני ישראל ואמרת אלהם איש איש מבית ישראל ומן הגר בישראל אשר יקריב קרבנו לכל נדריהם ולכל נדבותם אשר יקריבו ליהוה לעלה
Leviticus 22:19,לרצנכם תמים זכר בבקר בכשבים ובעזים
Leviticus 22:20,כל אשר בו מום לא תקריבו כי לא לרצון יהיה לכם
Leviticus 22:21,ואיש כי יקריב זבח שלמים ליהוה לפלא נדר או לנדבה בבקר או בצאן תמים יהיה לרצון כל מום לא יהיה בו
Leviticus 22:22,עורת או שבור או חרוץ או יבלת או גרב או ילפת לא תקריבו אלה ליהוה ואשה לא תתנו מהם על המזבח ליהוה
Leviticus 22:23,ושור ושה שרוע וקלוט נדבה תעשה אתו ולנדר לא ירצה
Leviticus 22:24,ומעוך וכתות ונתוק וכרות לא תקריבו ליהוה ובארצכם לא תעשו
Leviticus 22:25,ומיד בן נכר לא תקריבו את לחם אלהיכם מכל אלה כי משחתם בהם מום בם לא ירצו לכם
Leviticus 22:26,וידבר יהוה אל משה לאמר
Leviticus 22:27,שור או כשב או עז כי יולד והיה שבעת ימים תחת אמו ומיום השמיני והלאה ירצה לקרבן אשה ליהוה
Leviticus 22:28,ושור או שה אתו ואת בנו לא תשחטו ביום אחד
Leviticus 22:29,וכי תזבחו זבח תודה ליהוה לרצנכם תזבחו
Leviticus 22:30,ביום ההוא יאכל לא תותירו ממנו עד בקר אני יהוה
Leviticus 22:31,ושמרתם מצותי ועשיתם אתם אני יהוה
Leviticus 22:32,ולא תחללו את שם קדשי ונקדשתי בתוך בני ישראל אני יהוה מקדשכם
Leviticus 22:33,המוציא אתכם מארץ מצרים להיות לכם לאלהים אני יהוה
Leviticus 23:1,וידבר יהוה אל משה לאמר
Leviticus 23:2,דבר אל בני ישראל ואמרת אלהם מועדי יהוה אשר תקראו אתם מקראי קדש אלה הם מועדי
Leviticus 23:3,ששת ימים תעשה מלאכה וביום השביעי שבת שבתון מקרא קדש כל מלאכה לא תעשו שבת הוא ליהוה בכל מושבתיכם
Leviticus 23:4,אלה מועדי יהוה מקראי קדש אשר תקראו אתם במועדם
Leviticus 23:5,בחדש הראשון בארבעה עשר לחדש בין הערבים פסח ליהוה
Leviticus 23:6,ובחמשה עשר יום לחדש הזה חג המצות ליהוה שבעת ימים מצות תאכלו
Leviticus 23:7,ביום הראשון מקרא קדש יהיה לכם כל מלאכת עבדה לא תעשו
Leviticus 23:8,והקרבתם אשה ליהוה שבעת ימים ביום השביעי מקרא קדש כל מלאכת עבדה לא תעשו
Leviticus 23:9,וידבר יהוה אל משה לאמר
Leviticus 23:10,דבר אל בני ישראל ואמרת אלהם כי תבאו אל הארץ אשר אני נתן לכם וקצרתם את קצירה והבאתם את עמר ראשית קצירכם אל הכהן
Leviticus 23:11,והניף את העמר לפני יהוה לרצנכם ממחרת השבת יניפנו הכהן
Leviticus 23:12,ועשיתם ביום הניפכם את העמר כבש תמים בן שנתו לעלה ליהוה
Leviticus 23:13,ומנחתו שני עשרנים סלת בלולה בשמן אשה ליהוה ריח ניחח ונסכה יין רביעת ההין
Leviticus 23:14,ולחם וקלי וכרמל לא תאכלו עד עצם היום הזה עד הביאכם את קרבן אלהיכם חקת עולם לדרתיכם בכל משבתיכם
Leviticus 23:15,וספרתם לכם ממחרת השבת מיום הביאכם את עמר התנופה שבע שבתות תמימת תהיינה
Leviticus 23:16,עד ממחרת השבת השביעת תספרו חמשים יום והקרבתם מנחה חדשה ליהוה
Leviticus 23:17,ממושבתיכם תביאו לחם תנופה שתים שני עשרנים סלת תהיינה חמץ תאפינה בכורים ליהוה
Leviticus 23:18,והקרבתם על הלחם שבעת כבשים תמימם בני שנה ופר בן בקר אחד ואילם שנים יהיו עלה ליהוה ומנחתם ונסכיהם אשה ריח ניחח ליהוה
Leviticus 23:19,ועשיתם שעיר עזים אחד לחטאת ושני כבשים בני שנה לזבח שלמים
Leviticus 23:20,והניף הכהן אתם על לחם הבכורים תנופה לפני יהוה על שני כבשים קדש יהיו ליהוה לכהן
Leviticus 23:21,וקראתם בעצם היום הזה מקרא קדש יהיה לכם כל מלאכת עבדה לא תעשו חקת עולם בכל מושבתיכם לדרתיכם
Leviticus 23:22,ובקצרכם את קציר ארצכם לא תכלה פאת שדך בקצרך ולקט קצירך לא תלקט לעני ולגר תעזב אתם אני יהוה אלהיכם
Leviticus 23:23,וידבר יהוה אל משה לאמר
Leviticus 23:24,דבר אל בני ישראל לאמר בחדש השביעי באחד לחדש יהיה לכם שבתון זכרון תרועה מקרא קדש
Leviticus 23:25,כל מלאכת עבדה לא תעשו והקרבתם אשה ליהוה
Leviticus 23:26,וידבר יהוה אל משה לאמר
Leviticus 23:27,אך בעשור לחדש השביעי הזה יום הכפרים הוא מקרא קדש יהיה לכם ועניתם את נפשתיכם והקרבתם אשה ליהוה
Leviticus 23:28,וכל מלאכה לא תעשו בעצם היום הזה כי יום כפרים הוא לכפר עליכם לפני יהוה אלהיכם
Leviticus 23:29,כי כל הנפש אשר לא תענה בעצם היום הזה ונכרתה מעמיה
Leviticus 23:30,וכל הנפש אשר תעשה כל מלאכה בעצם היום הזה והאבדתי את הנפש ההוא מקרב עמה
Leviticus 23:31,כל מלאכה לא תעשו חקת עולם לדרתיכם בכל משבתיכם
Leviticus 23:32,שבת שבתון הוא לכם ועניתם את נפשתיכם בתשעה לחדש בערב מערב עד ערב תשבתו שבתכם
Leviticus 23:33,וידבר יהוה אל משה לאמר
Leviticus 23:34,דבר אל בני ישראל לאמר בחמשה עשר יום לחדש השביעי הזה חג הסכות שבעת ימים ליהוה
Leviticus 23:35,ביום הראשון מקרא קדש כל מלאכת עבדה לא תעשו
Leviticus 23:36,שבעת ימים תקריבו אשה ליהוה ביום השמיני מקרא קדש יהיה לכם והקרבתם אשה ליהוה עצרת הוא כל מלאכת עבדה לא תעשו
Leviticus 23:37,אלה מועדי יהוה אשר תקראו אתם מקראי קדש להקריב אשה ליהוה עלה ומנחה זבח ונסכים דבר יום ביומו
Leviticus 23:38,מלבד שבתת יהוה ומלבד מתנותיכם ומלבד כל נדריכם ומלבד כל נדבותיכם אשר תתנו ליהוה
Leviticus 23:39,אך בחמשה עשר יום לחדש השביעי באספכם את תבואת הארץ תחגו את חג יהוה שבעת ימים ביום הראשון שבתון וביום השמיני שבתון
Leviticus 23:40,ולקחתם לכם ביום הראשון פרי עץ הדר כפת תמרים וענף עץ עבת וערבי נחל ושמחתם לפני יהוה אלהיכם שבעת ימים
Leviticus 23:41,וחגתם אתו חג ליהוה שבעת ימים בשנה חקת עולם לדרתיכם בחדש השביעי תחגו אתו
Leviticus 23:42,בסכת תשבו שבעת ימים כל האזרח בישראל ישבו בסכת
Leviticus 23:43,למען ידעו דרתיכם כי בסכות הושבתי את בני ישראל בהוציאי אותם מארץ מצרים אני יהוה אלהיכם
Leviticus 23:44,וידבר משה את מעדי יהוה אל בני ישראל
Leviticus 24:1,וידבר יהוה אל משה לאמר
Leviticus 24:2,צו את בני ישראל ויקחו אליך שמן זית זך כתית למאור להעלת נר תמיד
Leviticus 24:3,מחוץ לפרכת העדת באהל מועד יערך אתו אהרן מערב עד בקר לפני יהוה תמיד חקת עולם לדרתיכם
Leviticus 24:4,על המנרה הטהרה יערך את הנרות לפני יהוה תמיד
Leviticus 24:5,ולקחת סלת ואפית אתה שתים עשרה חלות שני עשרנים יהיה החלה האחת
Leviticus 24:6,ושמת אותם שתים מערכות שש המערכת על השלחן הטהר לפני יהוה
Leviticus 24:7,ונתת על המערכת לבנה זכה והיתה ללחם לאזכרה אשה ליהוה
Leviticus 24:8,ביום השבת ביום השבת יערכנו לפני יהוה תמיד מאת בני ישראל ברית עולם
Leviticus 24:9,והיתה לאהרן ולבניו ואכלהו במקום קדש כי קדש קדשים הוא לו מאשי יהוה חק עולם
Leviticus 24:10,ויצא בן אשה ישראלית והוא בן איש מצרי בתוך בני ישראל וינצו במחנה בן הישראלית ואיש הישראלי
Leviticus 24:11,ויקב בן האשה הישראלית את השם ויקלל ויביאו אתו אל משה ושם אמו שלמית בת דברי למטה דן
Leviticus 24:12,ויניחהו במשמר לפרש להם על פי יהוה
Leviticus 24:13,וידבר יהוה אל משה לאמר
Leviticus 24:14,הוצא את המקלל אל מחוץ למחנה וסמכו כל השמעים את ידיהם על ראשו ורגמו אתו כל העדה
Leviticus 24:15,ואל בני ישראל תדבר לאמר איש איש כי יקלל אלהיו ונשא חטאו
Leviticus 24:16,ונקב שם יהוה מות יומת רגום ירגמו בו כל העדה כגר כאזרח בנקבו שם יומת
Leviticus 24:17,ואיש כי יכה כל נפש אדם מות יומת
Leviticus 24:18,ומכה נפש בהמה ישלמנה נפש תחת נפש
Leviticus 24:19,ואיש כי יתן מום בעמיתו כאשר עשה כן יעשה לו
Leviticus 24:20,שבר תחת שבר עין תחת עין שן תחת שן כאשר יתן מום באדם כן ינתן בו
Leviticus 24:21,ומכה בהמה ישלמנה ומכה אדם יומת
Leviticus 24:22,משפט אחד יהיה לכם כגר כאזרח יהיה כי אני יהוה אלהיכם
Leviticus 24:23,וידבר משה אל בני ישראל ויוציאו את המקלל אל מחוץ למחנה וירגמו אתו אבן ובני ישראל עשו כאשר צוה יהוה את משה
Leviticus 25:1,וידבר יהוה אל משה בהר סיני לאמר
Leviticus 25:2,דבר אל בני ישראל ואמרת אלהם כי תבאו אל הארץ אשר אני נתן לכם ושבתה הארץ שבת ליהוה
Leviticus 25:3,שש שנים תזרע שדך ושש שנים תזמר כרמך ואספת את תבואתה
Leviticus 25:4,ובשנה השביעת שבת שבתון יהיה לארץ שבת ליהוה שדך לא תזרע וכרמך לא תזמר
Leviticus 25:5,את ספיח קצירך לא תקצור ואת ענבי נזירך לא תבצר שנת שבתון יהיה לארץ
Leviticus 25:6,והיתה שבת הארץ לכם לאכלה לך ולעבדך ולאמתך ולשכירך ולתושבך הגרים עמך
Leviticus 25:7,ולבהמתך ולחיה אשר בארצך תהיה כל תבואתה לאכל
Leviticus 25:8,וספרת לך שבע שבתת שנים שבע שנים שבע פעמים והיו לך ימי שבע שבתת השנים תשע וארבעים שנה
Leviticus 25:9,והעברת שופר תרועה בחדש השבעי בעשור לחדש ביום הכפרים תעבירו שופר בכל ארצכם
Leviticus 25:10,וקדשתם את שנת החמשים שנה וקראתם דרור בארץ לכל ישביה יובל הוא תהיה לכם ושבתם איש אל אחזתו ואיש אל משפחתו תשבו
Leviticus 25:11,יובל הוא שנת החמשים שנה תהיה לכם לא תזרעו ולא תקצרו את ספיחיה ולא תבצרו את נזריה
Leviticus 25:12,כי יובל הוא קדש תהיה לכם מן השדה תאכלו את תבואתה
Leviticus 25:13,בשנת היובל הזאת תשבו איש אל אחזתו
Leviticus 25:14,וכי תמכרו ממכר לעמיתך או קנה מיד עמיתך אל תונו איש את אחיו
Leviticus 25:15,במספר שנים אחר היובל תקנה מאת עמיתך במספר שני תבואת ימכר לך
Leviticus 25:16,לפי רב השנים תרבה מקנתו ולפי מעט השנים תמעיט מקנתו כי מספר תבואת הוא מכר לך
Leviticus 25:17,ולא תונו איש את עמיתו ויראת מאלהיך כי אני יהוה אלהיכם
Leviticus 25:18,ועשיתם את חקתי ואת משפטי תשמרו ועשיתם אתם וישבתם על הארץ לבטח
Leviticus 25:19,ונתנה הארץ פריה ואכלתם לשבע וישבתם לבטח עליה
Leviticus 25:20,וכי תאמרו מה נאכל בשנה השביעת הן לא נזרע ולא נאסף את תבואתנו
Leviticus 25:21,וצויתי את ברכתי לכם בשנה הששית ועשת את התבואה לשלש השנים
Leviticus 25:22,וזרעתם את השנה השמינת ואכלתם מן התבואה ישן עד השנה התשיעת עד בוא תבואתה תאכלו ישן
Leviticus 25:23,והארץ לא תמכר לצמתת כי לי הארץ כי גרים ותושבים אתם עמדי
Leviticus 25:24,ובכל ארץ אחזתכם גאלה תתנו לארץ
Leviticus 25:25,כי ימוך אחיך ומכר מאחזתו ובא גאלו הקרב אליו וגאל את ממכר אחיו
Leviticus 25:26,ואיש כי לא יהיה לו גאל והשיגה ידו ומצא כדי גאלתו
Leviticus 25:27,וחשב את שני ממכרו והשיב את העדף לאיש אשר מכר לו ושב לאחזתו
Leviticus 25:28,ואם לא מצאה ידו די השיב לו והיה ממכרו ביד הקנה אתו עד שנת היובל ויצא ביבל ושב לאחזתו
Leviticus 25:29,ואיש כי ימכר בית מושב עיר חומה והיתה גאלתו עד תם שנת ממכרו ימים תהיה גאלתו
Leviticus 25:30,ואם לא יגאל עד מלאת לו שנה תמימה וקם הבית אשר בעיר אשר לא [לו] חמה לצמיתת לקנה אתו לדרתיו לא יצא ביבל
Leviticus 25:31,ובתי החצרים אשר אין להם חמה סביב על שדה הארץ יחשב גאלה תהיה לו וביבל יצא
Leviticus 25:32,וערי הלוים בתי ערי אחזתם גאלת עולם תהיה ללוים
Leviticus 25:33,ואשר יגאל מן הלוים ויצא ממכר בית ועיר אחזתו ביבל כי בתי ערי הלוים הוא אחזתם בתוך בני ישראל
Leviticus 25:34,ושדה מגרש עריהם לא ימכר כי אחזת עולם הוא להם
Leviticus 25:35,וכי ימוך אחיך ומטה ידו עמך והחזקת בו גר ותושב וחי עמך
Leviticus 25:36,אל תקח מאתו נשך ותרבית ויראת מאלהיך וחי אחיך עמך
Leviticus 25:37,את כספך לא תתן לו בנשך ובמרבית לא תתן אכלך
Leviticus 25:38,אני יהוה אלהיכם אשר הוצאתי אתכם מארץ מצרים לתת לכם את ארץ כנען להיות לכם לאלהים
Leviticus 25:39,וכי ימוך אחיך עמך ונמכר לך לא תעבד בו עבדת עבד
Leviticus 25:40,כשכיר כתושב יהיה עמך עד שנת היבל יעבד עמך
Leviticus 25:41,ויצא מעמך הוא ובניו עמו ושב אל משפחתו ואל אחזת אבתיו ישוב
Leviticus 25:42,כי עבדי הם אשר הוצאתי אתם מארץ מצרים לא ימכרו ממכרת עבד
Leviticus 25:43,לא תרדה בו בפרך ויראת מאלהיך
Leviticus 25:44,ועבדך ואמתך אשר יהיו לך מאת הגוים אשר סביבתיכם מהם תקנו עבד ואמה
Leviticus 25:45,וגם מבני התושבים הגרים עמכם מהם תקנו וממשפחתם אשר עמכם אשר הולידו בארצכם והיו לכם לאחזה
Leviticus 25:46,והתנחלתם אתם לבניכם אחריכם לרשת אחזה לעלם בהם תעבדו ובאחיכם בני ישראל איש באחיו לא תרדה בו בפרך
Leviticus 25:47,וכי תשיג יד גר ותושב עמך ומך אחיך עמו ונמכר לגר תושב עמך או לעקר משפחת גר
Leviticus 25:48,אחרי נמכר גאלה תהיה לו אחד מאחיו יגאלנו
Leviticus 25:49,או דדו או בן דדו יגאלנו או משאר בשרו ממשפחתו יגאלנו או השיגה ידו ונגאל
Leviticus 25:50,וחשב עם קנהו משנת המכרו לו עד שנת היבל והיה כסף ממכרו במספר שנים כימי שכיר יהיה עמו
Leviticus 25:51,אם עוד רבות בשנים לפיהן ישיב גאלתו מכסף מקנתו
Leviticus 25:52,ואם מעט נשאר בשנים עד שנת היבל וחשב לו כפי שניו ישיב את גאלתו
Leviticus 25:53,כשכיר שנה בשנה יהיה עמו לא ירדנו בפרך לעיניך
Leviticus 25:54,ואם לא יגאל באלה ויצא בשנת היבל הוא ובניו עמו
Leviticus 25:55,כי לי בני ישראל עבדים עבדי הם אשר הוצאתי אותם מארץ מצרים אני יהוה אלהיכם
Leviticus 26:1,לא תעשו לכם אלילם ופסל ומצבה לא תקימו לכם ואבן משכית לא תתנו בארצכם להשתחות עליה כי אני יהוה אלהיכם
Leviticus 26:2,את שבתתי תשמרו ומקדשי תיראו אני יהוה
Leviticus 26:3,אם בחקתי תלכו ואת מצותי תשמרו ועשיתם אתם
Leviticus 26:4,ונתתי גשמיכם בעתם ונתנה הארץ יבולה ועץ השדה יתן פריו
Leviticus 26:5,והשיג לכם דיש את בציר ובציר ישיג את זרע ואכלתם לחמכם לשבע וישבתם לבטח בארצכם
Leviticus 26:6,ונתתי שלום בארץ ושכבתם ואין מחריד והשבתי חיה רעה מן הארץ וחרב לא תעבר בארצכם
Leviticus 26:7,ורדפתם את איביכם ונפלו לפניכם לחרב
Leviticus 26:8,ורדפו מכם חמשה מאה ומאה מכם רבבה ירדפו ונפלו איביכם לפניכם לחרב
Leviticus 26:9,ופניתי אליכם והפריתי אתכם והרביתי אתכם והקימתי את בריתי אתכם
Leviticus 26:10,ואכלתם ישן נושן וישן מפני חדש תוציאו
Leviticus 26:11,ונתתי משכני בתוככם ולא תגעל נפשי אתכם
Leviticus 26:12,והתהלכתי בתוככם והייתי לכם לאלהים ואתם תהיו לי לעם
Leviticus 26:13,אני יהוה אלהיכם אשר הוצאתי אתכם מארץ מצרים מהית להם עבדים ואשבר מטת עלכם ואולך אתכם קוממיות
Leviticus 26:14,ואם לא תשמעו לי ולא תעשו את כל המצות האלה
Leviticus 26:15,ואם בחקתי תמאסו ואם את משפטי תגעל נפשכם לבלתי עשות את כל מצותי להפרכם את בריתי
Leviticus 26:16,אף אני אעשה זאת לכם והפקדתי עליכם בהלה את השחפת ואת הקדחת מכלות עינים ומדיבת נפש וזרעתם לריק זרעכם ואכלהו איביכם
Leviticus 26:17,ונתתי פני בכם ונגפתם לפני איביכם ורדו בכם שנאיכם ונסתם ואין רדף אתכם
Leviticus 26:18,ואם עד אלה לא תשמעו לי ויספתי ליסרה אתכם שבע על חטאתיכם
Leviticus 26:19,ושברתי את גאון עזכם ונתתי את שמיכם כברזל ואת ארצכם כנחשה
Leviticus 26:20,ותם לריק כחכם ולא תתן ארצכם את יבולה ועץ הארץ לא יתן פריו
Leviticus 26:21,ואם תלכו עמי קרי ולא תאבו לשמע לי ויספתי עליכם מכה שבע כחטאתיכם
Leviticus 26:22,והשלחתי בכם את חית השדה ושכלה אתכם והכריתה את בהמתכם והמעיטה אתכם ונשמו דרכיכם
Leviticus 26:23,ואם באלה לא תוסרו לי והלכתם עמי קרי
Leviticus 26:24,והלכתי אף אני עמכם בקרי והכיתי אתכם גם אני שבע על חטאתיכם
Leviticus 26:25,והבאתי עליכם חרב נקמת נקם ברית ונאספתם אל עריכם ושלחתי דבר בתוככם ונתתם ביד אויב
Leviticus 26:26,בשברי לכם מטה לחם ואפו עשר נשים לחמכם בתנור אחד והשיבו לחמכם במשקל ואכלתם ולא תשבעו
Leviticus 26:27,ואם בזאת לא תשמעו לי והלכתם עמי בקרי
Leviticus 26:28,והלכתי עמכם בחמת קרי ויסרתי אתכם אף אני שבע על חטאתיכם
Leviticus 26:29,ואכלתם בשר בניכם ובשר בנתיכם תאכלו
Leviticus 26:30,והשמדתי את במתיכם והכרתי את חמניכם ונתתי את פגריכם על פגרי גלוליכם וגעלה נפשי אתכם
Leviticus 26:31,ונתתי את עריכם חרבה והשמותי את מקדשיכם ולא אריח בריח ניחחכם
Leviticus 26:32,והשמתי אני את הארץ ושממו עליה איביכם הישבים בה
Leviticus 26:33,ואתכם אזרה בגוים והריקתי אחריכם חרב והיתה ארצכם שממה ועריכם יהיו חרבה
Leviticus 26:34,אז תרצה הארץ את שבתתיה כל ימי השמה ואתם בארץ איביכם אז תשבת הארץ והרצת את שבתתיה
Leviticus 26:35,כל ימי השמה תשבת את אשר לא שבתה בשבתתיכם בשבתכם עליה
Leviticus 26:36,והנשארים בכם והבאתי מרך בלבבם בארצת איביהם ורדף אתם קול עלה נדף ונסו מנסת חרב ונפלו ואין רדף
Leviticus 26:37,וכשלו איש באחיו כמפני חרב ורדף אין ולא תהיה לכם תקומה לפני איביכם
Leviticus 26:38,ואבדתם בגוים ואכלה אתכם ארץ איביכם
Leviticus 26:39,והנשארים בכם ימקו בעונם בארצת איביכם ואף בעונת אבתם אתם ימקו
Leviticus 26:40,והתודו את עונם ואת עון אבתם במעלם אשר מעלו בי ואף אשר הלכו עמי בקרי
Leviticus 26:41,אף אני אלך עמם בקרי והבאתי אתם בארץ איביהם או אז יכנע לבבם הערל ואז ירצו את עונם
Leviticus 26:42,וזכרתי את בריתי יעקוב ואף את בריתי יצחק ואף את בריתי אברהם אזכר והארץ אזכר
Leviticus 26:43,והארץ תעזב מהם ותרץ את שבתתיה בהשמה מהם והם ירצו את עונם יען וביען במשפטי מאסו ואת חקתי געלה נפשם
Leviticus 26:44,ואף גם זאת בהיותם בארץ איביהם לא מאסתים ולא געלתים לכלתם להפר בריתי אתם כי אני יהוה אלהיהם
Leviticus 26:45,וזכרתי להם ברית ראשנים אשר הוצאתי אתם מארץ מצרים לעיני הגוים להית להם לאלהים אני יהוה
Leviticus 26:46,אלה החקים והמשפטים והתורת אשר נתן יהוה בינו ובין בני ישראל בהר סיני ביד משה
Leviticus 27:1,וידבר יהוה אל משה לאמר
Leviticus 27:2,דבר אל בני ישראל ואמרת אלהם איש כי יפלא נדר בערכך נפשת ליהוה
Leviticus 27:3,והיה ערכך הזכר מבן עשרים שנה ועד בן ששים שנה והיה ערכך חמשים שקל כסף בשקל הקדש
Leviticus 27:4,ואם נקבה הוא והיה ערכך שלשים שקל
Leviticus 27:5,ואם מבן חמש שנים ועד בן עשרים שנה והיה ערכך הזכר עשרים שקלים ולנקבה עשרת שקלים
Leviticus 27:6,ואם מבן חדש ועד בן חמש שנים והיה ערכך הזכר חמשה שקלים כסף ולנקבה ערכך שלשת שקלים כסף
Leviticus 27:7,ואם מבן ששים שנה ומעלה אם זכר והיה ערכך חמשה עשר שקל ולנקבה עשרה שקלים
Leviticus 27:8,ואם מך הוא מערכך והעמידו לפני הכהן והעריך אתו הכהן על פי אשר תשיג יד הנדר יעריכנו הכהן
Leviticus 27:9,ואם בהמה אשר יקריבו ממנה קרבן ליהוה כל אשר יתן ממנו ליהוה יהיה קדש
Leviticus 27:10,לא יחליפנו ולא ימיר אתו טוב ברע או רע בטוב ואם המר ימיר בהמה בבהמה והיה הוא ותמורתו יהיה קדש
Leviticus 27:11,ואם כל בהמה טמאה אשר לא יקריבו ממנה קרבן ליהוה והעמיד את הבהמה לפני הכהן
Leviticus 27:12,והעריך הכהן אתה בין טוב ובין רע כערכך הכהן כן יהיה
Leviticus 27:13,ואם גאל יגאלנה ויסף חמישתו על ערכך
Leviticus 27:14,ואיש כי יקדש את ביתו קדש ליהוה והעריכו הכהן בין טוב ובין רע כאשר יעריך אתו הכהן כן יקום
Leviticus 27:15,ואם המקדיש יגאל את ביתו ויסף חמישית כסף ערכך עליו והיה לו
Leviticus 27:16,ואם משדה אחזתו יקדיש איש ליהוה והיה ערכך לפי זרעו זרע חמר שערים בחמשים שקל כסף
Leviticus 27:17,אם משנת היבל יקדיש שדהו כערכך יקום
Leviticus 27:18,ואם אחר היבל יקדיש שדהו וחשב לו הכהן את הכסף על פי השנים הנותרת עד שנת היבל ונגרע מערכך
Leviticus 27:19,ואם גאל יגאל את השדה המקדיש אתו ויסף חמשית כסף ערכך עליו וקם לו
Leviticus 27:20,ואם לא יגאל את השדה ואם מכר את השדה לאיש אחר לא יגאל עוד
Leviticus 27:21,והיה השדה בצאתו ביבל קדש ליהוה כשדה החרם לכהן תהיה אחזתו
Leviticus 27:22,ואם את שדה מקנתו אשר לא משדה אחזתו יקדיש ליהוה
Leviticus 27:23,וחשב לו הכהן את מכסת הערכך עד שנת היבל ונתן את הערכך ביום ההוא קדש ליהוה
Leviticus 27:24,בשנת היובל ישוב השדה לאשר קנהו מאתו לאשר לו אחזת הארץ
Leviticus 27:25,וכל ערכך יהיה בשקל הקדש עשרים גרה יהיה השקל
Leviticus 27:26,אך בכור אשר יבכר ליהוה בבהמה לא יקדיש איש אתו אם שור אם שה ליהוה הוא
Leviticus 27:27,ואם בבהמה הטמאה ופדה בערכך ויסף חמשתו עליו ואם לא יגאל ונמכר בערכך
Leviticus 27:28,אך כל חרם אשר יחרם איש ליהוה מכל אשר לו מאדם ובהמה ומשדה אחזתו לא ימכר ולא יגאל כל חרם קדש קדשים הוא ליהוה
Leviticus 27:29,כל חרם אשר יחרם מן האדם לא יפדה מות יומת
Leviticus 27:30,וכל מעשר הארץ מזרע הארץ מפרי העץ ליהוה הוא קדש ליהוה
Leviticus 27:31,ואם גאל יגאל איש ממעשרו חמשיתו יסף עליו
Leviticus 27:32,וכל מעשר בקר וצאן כל אשר יעבר תחת השבט העשירי יהיה קדש ליהוה
Leviticus 27:33,לא יבקר בין טוב לרע ולא ימירנו ואם המר ימירנו והיה הוא ותמורתו יהיה קדש לא יגאל
Leviticus 27:34,אלה המצות אשר צוה יהוה את משה אל בני ישראל בהר סיני
